id,text,domain,word_count,char_count
1,Күнделікті өмірде дұрыс жоспарлау уақытты тиімді пайдалануға көмектеседі.,general,8,73
2,Адамдар маңызды шешім қабылдағанда қолда бар ақпаратты мұқият салыстыруы керек.,general,10,79
3,Қоғамдағы өзара сенім адамдар арасындағы байланысты нығайтуға ықпал етеді.,general,9,74
4,Тұрақты әдеттер адамның ұзақ мерзімді мақсаттарына біртіндеп жақындауына мүмкіндік береді.,general,10,90
5,Қоршаған ортаны таза ұстау әр адамның жауапкершілігінен басталады.,general,8,66
6,"Кітап оқу адамның сөздік қорын кеңейтіп, ойлау қабілетін дамытуға көмектеседі.",general,10,78
7,Дұрыс тамақтану мен белсенді қозғалыс күнделікті өмір сапасына оң әсер етеді.,general,11,77
8,Қоғамдық орындарда ортақ ережелерді сақтау басқа адамдарға құрмет көрсетудің бір түрі болып саналады.,general,13,101
9,"Жаңа ортаға бейімделу үшін адамға уақыт, тәжірибе және ашық қарым-қатынас қажет.",general,11,80
10,Отбасындағы өзара қолдау қиын жағдайларды бірге еңсеруге мүмкіндік береді.,general,9,74
11,Қаржыны алдын ала жоспарлау қажетсіз шығындарды азайтуға көмектеседі.,general,8,69
12,"Табиғат аясында демалу адамның көңіл күйін жақсартып, күнделікті күйзелісті төмендетуі мүмкін.",general,11,94
13,Уақытында берілген кері байланыс жұмыстың сапасын жақсартуға ықпал етеді.,general,9,73
14,Әртүрлі көзқарастарды тыңдау мәселені жан-жақты түсінуге мүмкіндік береді.,general,8,74
15,Қаладағы жаяу жүргіншілерге қолайлы орта тұрғындардың белсенді өмір салтын қолдайды.,general,10,84
16,Еріктілік қызметі қоғамға пайда әкелумен қатар адамның әлеуметтік тәжірибесін кеңейтеді.,general,10,88
17,Күн тәртібін сақтау жұмыс пен демалыс арасындағы тепе-теңдікті қалыптастыруға көмектеседі.,general,10,90
18,Сапалы қарым-қатынас кезінде адамның ойын анық жеткізуі және өзгелерді мұқият тыңдауы маңызды.,general,12,94
19,Жергілікті мәдени дәстүрлерді сақтау қоғамның тарихи жадын келесі ұрпаққа жеткізеді.,general,10,84
20,Қиын мәселені бірнеше шағын қадамға бөлу оны шешу үдерісін жеңілдетеді.,general,10,71
21,Заманауи білім беру жүйесі студенттердің теориялық білімін практикалық дағдылармен ұштастыруға бағытталады.,education,11,107
22,Сабақ барысында белсенді тапсырмаларды қолдану студенттердің оқу материалына қызығушылығын арттырады.,education,10,101
23,"Оқытушының уақтылы кері байланысы студентке өз қателерін түсініп, нәтижесін жақсартуға көмектеседі.",education,11,99
24,Топтық жұмыс студенттердің пікір алмасу және бірлесіп шешім қабылдау дағдыларын дамытады.,education,11,89
25,Онлайн платформалар оқу материалдарына кез келген уақытта қол жеткізуге мүмкіндік береді.,education,11,89
26,Практикалық жобалар студенттерге алған білімін нақты мәселелерді шешуде қолдануға жағдай жасайды.,education,11,97
27,Бағалау критерийлері алдын ала түсіндірілгенде студенттер тапсырма талаптарын жақсырақ түсінеді.,education,10,96
28,Жеке оқу траекториясы студенттің қабілеті мен білім алу қарқынын ескеруге мүмкіндік береді.,education,12,91
29,Зерттеуге негізделген оқыту студенттердің сыни ойлау және ақпаратты талдау дағдыларын қалыптастырады.,education,11,101
30,Цифрлық құралдарды орынды пайдалану дәстүрлі оқыту әдістерінің мүмкіндіктерін толықтыра алады.,education,10,94
31,Академиялық адалдық қағидаларын сақтау білім нәтижелерінің сенімділігін қамтамасыз етеді.,education,9,89
32,Студенттердің өз жұмысын қорғауы олардың тақырыпты қаншалықты түсінгенін анықтауға көмектеседі.,education,10,95
33,Қысқа бақылау тапсырмалары оқу материалын жүйелі түрде қайталауға ынталандырады.,education,9,80
34,Күрделі тақырыптарды мысалдар арқылы түсіндіру студенттердің жаңа ұғымдарды меңгеруін жеңілдетеді.,education,10,98
35,Пәнаралық тапсырмалар әртүрлі салалардағы білімді бір мәселе төңірегінде біріктіруге мүмкіндік береді.,education,11,102
36,Оқу мақсаттары нақты белгіленген жағдайда сабақтың мазмұны мен бағалау тәсілдерін үйлестіру оңайырақ болады.,education,13,108
37,Студенттің өз бетінше білім алу дағдысы жоғары оқу орнынан кейін де кәсіби дамуға негіз болады.,education,15,95
38,Зертханалық жұмыстар теориялық заңдылықтарды тәжірибе арқылы тексеруге мүмкіндік береді.,education,9,88
39,Оқу барысында қойылатын ашық сұрақтар студенттердің дәлелді жауап құрастыру қабілетін дамытады.,education,11,95
40,Инклюзивті білім беру ортасы әр студенттің оқу үдерісіне тең дәрежеде қатысуына жағдай жасайды.,education,13,95
41,Ғылыми зерттеу нақты мәселені анықтаудан және тексерілетін зерттеу сұрағын тұжырымдаудан басталады.,science,11,99
42,Эксперимент нәтижелерінің сенімділігі деректерді жинау әдісінің дұрыстығына тікелей байланысты.,science,9,95
43,"Зерттеуде қолданылған әдістер толық сипатталса, басқа ғалымдар нәтижелерді қайта тексере алады.",science,11,95
44,Статистикалық талдау деректердегі заңдылықтарды анықтауға және гипотезаларды бағалауға мүмкіндік береді.,science,10,104
45,"Ғылыми қорытынды зерттеу нәтижелеріне сүйеніп, бастапқы сұраққа нақты жауап беруі керек.",science,11,88
46,Әдебиеттерге жүйелі шолу белгілі бір саладағы негізгі бағыттар мен зерттеу олқылықтарын анықтауға көмектеседі.,science,13,110
47,Үлкен деректер жиынтығы күрделі құбылыстарды бірнеше көрсеткіш бойынша талдауға мүмкіндік береді.,science,11,97
48,Зерттеу үлгісінің көлемі алынған нәтижелердің статистикалық тұрақтылығына әсер етуі мүмкін.,science,10,91
49,Ғылыми модель нақты құбылыстың маңызды қасиеттерін ықшам түрде сипаттауға арналған.,science,10,83
50,Тәжірибені бірнеше рет қайталау кездейсоқ ауытқулардың қорытындыға әсерін төмендетеді.,science,9,86
51,Деректерді алдын ала өңдеу кезінде қателер мен жетіспейтін мәндерді дұрыс анықтау маңызды.,science,12,90
52,Зерттеу нәтижелерін визуализациялау күрделі байланыстарды түсіндіруді жеңілдетеді.,science,7,82
53,Ғылыми жаңалық бұрынғы зерттеулермен салыстыру арқылы негізделіп көрсетілуі тиіс.,science,9,81
54,Ашық деректер ғылыми нәтижелердің тексерілуіне және қайта пайдаланылуына мүмкіндік береді.,science,10,90
55,Зерттеушілер әдіс таңдағанда оның артықшылықтарымен қатар шектеулерін де ескеруі қажет.,science,10,87
56,Сапалы аннотацияланған деректер машиналық оқыту модельдерін объективті бағалау үшін маңызды.,science,10,92
57,Ғылыми мақалада қолданылған дереккөздер зерттеу тұжырымдарын жеткілікті деңгейде негіздеуі керек.,science,10,97
58,"Корреляция екі айнымалы арасындағы байланысты көрсеткенімен, себеп-салдар қатынасын өздігінен дәлелдемейді.",science,10,107
59,Бақылау тобы эксперименттік әсерді басқа ықтимал факторлардан ажыратуға көмектеседі.,science,9,84
60,Зерттеу нәтижелерінің практикалық маңызын бағалау статистикалық мәнділікті түсіндірумен ғана шектелмеуі тиіс.,science,11,109
61,Жасанды интеллект үлкен көлемдегі деректерден күрделі заңдылықтарды автоматты түрде анықтауға мүмкіндік береді.,technology,12,111
62,Машиналық оқыту моделінің сапасы оқыту деректерінің көлемі мен сапасына едәуір тәуелді.,technology,11,87
63,Бұлттық есептеу ресурстары күрделі бағдарламаларды қымбат жергілікті инфрақұрылымсыз іске қосуға мүмкіндік береді.,technology,12,114
64,Киберқауіпсіздік жүйелері ақпараттық ресурстарды рұқсатсыз қол жеткізуден қорғауға бағытталған.,technology,9,95
65,Бағдарламалық жасақтаманы жүйелі тестілеу өнімдегі қателерді ерте анықтауға көмектеседі.,technology,9,88
66,Мобильді қосымшаның ыңғайлы интерфейсі пайдаланушының сервисті меңгеру уақытын қысқартады.,technology,9,90
67,Деректерді шифрлау құпия ақпаратты үшінші тұлғалардың оқуынан қорғаудың негізгі тәсілдерінің бірі болып табылады.,technology,13,113
68,Роботтандырылған жүйелер өндірістегі қайталанатын операцияларды автоматтандыруға мүмкіндік береді.,technology,8,98
69,Компьютерлік көру алгоритмдері кескіндерден нысандарды автоматты түрде анықтау үшін қолданылады.,technology,10,96
70,Бағдарламаның өнімділігін оңтайландыру есептеу ресурстарын тиімді пайдалануға мүмкіндік береді.,technology,9,95
71,"Интернет заттары құрылғылар арасында деректерді автоматты түрде жинап, алмасуға жағдай жасайды.",technology,11,95
72,Жасанды интеллект жүйелерін енгізу кезінде модельдің шешімдерін түсіндіру мүмкіндігі маңызды талапқа айналып келеді.,technology,13,116
73,"Үлкен тілдік модельдер мәтінді талдау, құрастыру және ақпаратты өңдеу міндеттерінде кеңінен қолданылады.",technology,12,104
74,Бағдарламалық интерфейстер әртүрлі ақпараттық жүйелер арасында автоматты дерек алмасуды ұйымдастыруға көмектеседі.,technology,11,114
75,Деректер базасын дұрыс жобалау ақпаратты сақтау мен іздеу тиімділігін арттырады.,technology,10,80
76,Нейрондық желілер күрделі үлгілерді үйрену үшін өзара байланысқан көптеген есептеу қабаттарын пайдаланады.,technology,12,106
77,Модельді өндірістік ортаға енгізгеннен кейін оның сапасын тұрақты түрде бақылап отыру қажет.,technology,12,92
78,Жүйенің резервтік көшірмелері техникалық ақау кезінде маңызды деректерді қалпына келтіруге мүмкіндік береді.,technology,12,108
79,Цифрлық сервистердің қолжетімділігі пайдаланушылардың әртүрлі құрылғылардан қызмет алуына жағдай жасайды.,technology,10,105
80,Жасанды деректер нақты деректер шектеулі болған жағдайда модельді оқыту мүмкіндігін кеңейте алады.,technology,12,98
81,Қала әкімдігі қоғамдық көлік бағыттарын тұрғындардың ұсыныстары негізінде қайта қарауды жоспарлап отыр.,news,12,103
82,"Өңірде жаңа білім беру орталығы ашылып, оқушыларға қосымша технологиялық курстар ұсыныла бастады.",news,12,97
83,Мамандар алдағы маусымда су ресурстарын үнемді пайдалану қажеттілігіне назар аударды.,news,10,85
84,Жергілікті кәсіпкерлерге арналған жаңа қолдау бағдарламасының шарттары ресми кездесуде таныстырылды.,news,10,100
85,Университет зерттеушілері өндірістік үдерістерді талдауға арналған жаңа цифрлық платформаны ұсынды.,news,10,99
86,Қалада жол қауіпсіздігін арттыру мақсатында бірнеше жаяу жүргінші өткелі жаңартылды.,news,10,84
87,Аймақта шағын және орта бизнесті қолдауға бағытталған оқыту бағдарламасы іске қосылды.,news,11,86
88,Мектептерде цифрлық сауаттылықты арттыруға арналған қосымша сабақтар кезең-кезеңімен енгізілуде.,news,9,96
89,Сарапшылар еңбек нарығында деректерді талдау дағдыларына сұраныс өсіп келе жатқанын атап өтті.,news,12,94
90,Жаңа зертхана студенттер мен жас ғалымдарға тәжірибелік жобалар жүргізуге мүмкіндік береді.,news,11,91
91,Өңірлік форумда жасанды интеллектіні білім беру мен өндірісте қолдану мәселелері талқыланды.,news,11,92
92,Қоғамдық кеңес мүшелері қалалық инфрақұрылымды дамытуға қатысты бірнеше ұсынысты қарастырды.,news,10,92
93,Жергілікті билік ауаның сапасын бақылауға арналған қосымша өлшеу бекеттерін орнатуды жоспарлап отыр.,news,12,100
94,Ғылыми конференция барысында зерттеушілер деректер қауіпсіздығы мен жасанды интеллект этикасын талқылады.,news,11,105
95,Қала кітапханаларында жастарға арналған тегін цифрлық дағдылар курстары ұйымдастырыла бастады.,news,10,94
96,Кәсіпорын жаңа автоматтандырылған желіні іске қосу арқылы өндіріс тиімділігін арттыруды көздеп отыр.,news,12,100
97,Мамандар жаңа экологиялық жоба қалдықтарды сұрыптау мәдениетін дамытуға ықпал етеді деп есептейді.,news,12,98
98,Жоғары оқу орындары студенттердің өндірістік тәжірибесін күшейту үшін компаниялармен жаңа келісімдер жасасты.,news,12,109
99,Технологиялық көрмеде отандық әзірлеушілер білім беру мен медицинаға арналған бірнеше цифрлық шешімді таныстырды.,news,13,113
100,Өңірде қоғамдық кеңістіктерді жаңарту жұмыстары келесі кезеңде бірнеше ауданға дейін кеңейтіледі.,news,11,97
