intent_id,intent_name,description
registration,Курсқа тіркелу,"Пайдаланушы курсқа немесе бағдарламаға қалай тіркелуге, жазылуға немесе өтінім беруге болатынын сұрайды."
price,Баға,"Пайдаланушы курс, бағдарлама немесе қызмет құнын, оқу ақысын немесе тарифін сұрайды."
schedule,Сабақ кестесі,"Пайдаланушы сабақтың күні, уақыты, апталық кестесі немесе қашан өтетінін сұрайды."
location,Орналасқан жері,"Пайдаланушы орталықтың, кеңсенің немесе сабақ өтетін орынның мекенжайын не орналасқан жерін сұрайды."
payment,Төлем,"Пайдаланушы төлем жасау тәсілдерін, төлем арналарын немесе қалай төлеуге болатынын сұрайды."
refund,Ақшаны қайтару,"Пайдаланушы төлемді немесе ақшаны қайтару мүмкіндігі, тәртібі немесе шарттары туралы сұрайды."
certificate,Сертификат,"Пайдаланушы курс немесе бағдарлама аяқталғаннан кейін сертификат, куәлік немесе растайтын құжат берілетінін сұрайды."
technical_problem,Техникалық мәселе,"Пайдаланушы сайтқа, жүйеге, платформаға немесе жеке кабинетке кіру не пайдалану кезінде техникалық мәселе туындағанын хабарлайды."
course_duration,Курс ұзақтығы,"Пайдаланушы курстың, бағдарламаның немесе оқудың жалпы ұзақтығын сұрайды."
teacher_information,Оқытушы туралы ақпарат,"Пайдаланушы сабақты кім жүргізетінін, оқытушының тәжірибесін немесе біліктілігін сұрайды."
