source_id,provider,method,n_finalized,n_success,success_rate,complete_five_outputs,unique_rate,distinct_1,distinct_2,semantic_diversity,self_bleu,mean_fidelity,quality_pass_rate
1,kazllm,baseline,5,5,1.0,True,0.6,0.35555555555555557,0.45,0.05687246844172478,0.8029857301088874,0.966825270652771,0.4
1,kazllm,kazdiv,5,5,1.0,True,0.8,0.2857142857142857,0.4594594594594595,0.08544589579105377,0.8742086371045247,0.9435271739959716,1.0
1,llama,baseline,5,5,1.0,True,1.0,0.5555555555555556,0.8057142857142857,0.3234233260154724,0.37642129311753775,0.7490088820457459,0.4
1,llama,kazdiv,5,5,1.0,True,1.0,0.4878048780487805,0.6666666666666666,0.1902877390384674,0.6497754250402661,0.8700896620750427,1.0
2,kazllm,baseline,5,5,1.0,True,0.8,0.42592592592592593,0.5306122448979592,0.05407869815826416,0.7167059408943433,0.9715396642684937,0.6
2,kazllm,kazdiv,5,5,1.0,True,1.0,0.3877551020408163,0.5227272727272727,0.0872630700469017,0.7951083119313147,0.9535209894180298,1.0
2,llama,baseline,5,5,1.0,True,1.0,0.46511627906976744,0.6578947368421053,0.18232901394367218,0.65059317523502,0.893370521068573,1.0
2,llama,kazdiv,5,5,1.0,True,1.0,0.47058823529411764,0.6521739130434783,0.15277941524982452,0.592551149213541,0.9100960850715637,1.0
3,kazllm,baseline,5,5,1.0,True,0.8,0.3157894736842105,0.5151515151515151,0.07386527955532074,0.7816953189139729,0.9538243532180786,0.6
3,kazllm,kazdiv,5,5,1.0,True,1.0,0.41025641025641024,0.6470588235294118,0.09559251368045807,0.6792476853413532,0.943008303642273,1.0
3,llama,baseline,5,5,1.0,True,1.0,0.2597402597402597,0.4444444444444444,0.1327231377363205,0.7149646520330144,0.9033492922782898,0.8
3,llama,kazdiv,5,5,1.0,True,1.0,0.6938775510204082,0.8636363636363636,0.1773587167263031,0.25051344329195074,0.8844332933425904,1.0
4,kazllm,baseline,5,5,1.0,True,1.0,0.3076923076923077,0.425531914893617,0.08194996416568756,0.8342174627707841,0.9515816926956177,1.0
4,kazllm,kazdiv,5,5,1.0,True,1.0,0.4791666666666667,0.627906976744186,0.13757261633872986,0.594153344320576,0.9222384810447692,1.0
4,llama,baseline,5,5,1.0,True,0.8,0.3835616438356164,0.5147058823529411,0.12257981300354004,0.6957795085196252,0.9229902863502503,0.8
4,llama,kazdiv,5,5,1.0,True,1.0,0.6166666666666667,0.8,0.18480752408504486,0.44466341025305456,0.8682801246643066,1.0
5,kazllm,baseline,5,5,1.0,True,1.0,0.5909090909090909,0.6666666666666666,0.2674361765384674,0.5967774794740379,0.81206134557724,0.8
5,kazllm,kazdiv,5,5,1.0,True,1.0,0.5238095238095238,0.7027027027027027,0.11492141336202621,0.5132341204052885,0.9314750790596008,1.0
5,llama,baseline,5,5,1.0,True,1.0,0.3709677419354839,0.5087719298245614,0.10869474709033966,0.6605095709907648,0.9390455722808838,0.6
5,llama,kazdiv,5,5,1.0,True,1.0,0.6052631578947368,0.8181818181818182,0.18472102284431458,0.43493105733624854,0.8861396431922912,1.0
6,kazllm,baseline,5,5,1.0,True,0.6,0.2962962962962963,0.3877551020408163,0.036110442131757736,0.8667810369265844,0.9818115592002868,0.4
6,kazllm,kazdiv,5,5,1.0,True,1.0,0.37037037037037035,0.5918367346938775,0.09228944033384323,0.6848317938683331,0.9397793292999268,1.0
6,llama,baseline,5,5,1.0,True,1.0,0.3114754098360656,0.48214285714285715,0.11406812816858292,0.691183369348362,0.9306897521018982,0.6
6,llama,kazdiv,5,5,1.0,True,1.0,0.543859649122807,0.7692307692307693,0.13642892241477966,0.4709139468947347,0.8984370708465577,1.0
7,kazllm,baseline,5,5,1.0,True,0.8,0.26785714285714285,0.3333333333333333,0.021800363436341286,0.9245625744897417,0.9882426738739014,0.6
7,kazllm,kazdiv,5,5,1.0,True,1.0,0.5098039215686274,0.6956521739130435,0.1451631337404251,0.5950431429515106,0.9025038957595826,1.0
7,llama,baseline,5,5,1.0,True,1.0,0.38095238095238093,0.5569620253164557,0.16548669338226318,0.553159633791443,0.8757805824279785,1.0
7,llama,kazdiv,5,5,1.0,True,1.0,0.3877551020408163,0.6590909090909091,0.1500283032655716,0.5928739526057961,0.9092685103416442,1.0
8,kazllm,baseline,5,5,1.0,True,0.8,0.3064516129032258,0.3684210526315789,0.05711239576339722,0.8512729951892876,0.9715819835662842,0.6
8,kazllm,kazdiv,5,5,1.0,True,1.0,0.43636363636363634,0.54,0.1081695556640625,0.6929811343302179,0.9213709473609925,1.0
8,llama,baseline,5,5,1.0,True,1.0,0.23591549295774647,0.3727598566308244,0.11803080886602402,0.491396483727946,0.883726167678833,0.2
8,llama,kazdiv,5,5,1.0,True,1.0,0.5471698113207547,0.6666666666666666,0.1665864735841751,0.5709115137716438,0.8816016554832459,1.0
9,kazllm,baseline,5,5,1.0,True,1.0,0.26666666666666666,0.34545454545454546,0.018839377909898758,0.8707664790987012,0.9888718128204346,0.8
9,kazllm,kazdiv,5,5,1.0,True,0.8,0.3333333333333333,0.43103448275862066,0.07527834177017212,0.8144743218152122,0.9568079113960266,1.0
9,llama,baseline,5,5,1.0,True,1.0,0.3978494623655914,0.6136363636363636,0.22363817691802979,0.5181425659064443,0.8357802033424377,0.6
9,llama,kazdiv,5,5,1.0,True,1.0,0.5333333333333333,0.6909090909090909,0.22788290679454803,0.5205599677024606,0.865782618522644,1.0
10,kazllm,baseline,5,5,1.0,True,1.0,0.4418604651162791,0.631578947368421,0.054822973906993866,0.6472282960902555,0.962196683883667,1.0
10,kazllm,kazdiv,5,5,1.0,True,1.0,0.40540540540540543,0.59375,0.08598699420690536,0.6588222404515444,0.9439021110534668,1.0
10,llama,baseline,5,5,1.0,True,1.0,0.4852941176470588,0.6825396825396826,0.22658610343933105,0.4363482183451263,0.8210891366004944,0.6
10,llama,kazdiv,5,5,1.0,True,1.0,0.5957446808510638,0.8333333333333334,0.15999650955200195,0.39222198185119994,0.8997231483459472,1.0
11,kazllm,baseline,5,5,1.0,True,1.0,0.4788732394366197,0.6060606060606061,0.16853323578834534,0.5722482911432525,0.9027408242225647,0.8
11,kazllm,kazdiv,5,5,1.0,True,1.0,0.4782608695652174,0.6341463414634146,0.1463017761707306,0.6155427508095828,0.9062959432601929,1.0
11,llama,baseline,5,5,1.0,True,1.0,0.42857142857142855,0.6486486486486487,0.11677427589893341,0.6630972506774688,0.9248823523521423,0.8
11,llama,kazdiv,5,5,1.0,True,1.0,0.5789473684210527,0.7878787878787878,0.18460962176322937,0.4110959656154802,0.8853412866592407,1.0
12,kazllm,baseline,5,5,1.0,True,1.0,0.3979591836734694,0.4731182795698925,0.10445787757635117,0.7849957802232723,0.9445360541343689,0.6
12,kazllm,kazdiv,5,5,1.0,True,0.8,0.42105263157894735,0.5192307692307693,0.04486928507685661,0.7212591671211895,0.9766521692276001,1.0
12,llama,baseline,5,5,1.0,True,1.0,0.18120805369127516,0.2708333333333333,0.06255289167165756,0.6642784462495231,0.9412970900535583,0.6
12,llama,kazdiv,5,5,1.0,True,1.0,0.45454545454545453,0.5897435897435898,0.15171949565410614,0.6798722481422279,0.90493825674057,1.0
13,kazllm,baseline,5,5,1.0,True,1.0,0.4318181818181818,0.5897435897435898,0.09826431423425674,0.6917398564406764,0.9412375569343567,1.0
13,kazllm,kazdiv,5,5,1.0,True,1.0,0.42857142857142855,0.5945945945945946,0.11572255194187164,0.6855157046239613,0.9398571491241455,1.0
13,llama,baseline,5,5,1.0,True,1.0,0.3548387096774194,0.543859649122807,0.20195512473583221,0.6700892336195733,0.8604956030845642,0.8
13,llama,kazdiv,5,5,1.0,True,1.0,0.5,0.717948717948718,0.18547657132148743,0.5431234840147429,0.8808608531951905,1.0
14,kazllm,baseline,5,5,1.0,True,1.0,0.38636363636363635,0.5128205128205128,0.07424741238355637,0.7315876362039637,0.961396598815918,0.8
14,kazllm,kazdiv,5,5,1.0,True,1.0,0.4,0.5,0.07550220191478729,0.7803230825638414,0.9498097419738769,1.0
14,llama,baseline,5,5,1.0,True,1.0,0.7171717171717171,0.8829787234042553,0.3986814022064209,0.25460794930935055,0.6656302809715271,0.2
14,llama,kazdiv,5,5,1.0,True,1.0,0.7450980392156863,0.9130434782608695,0.2926022410392761,0.22218931022767716,0.7891408205032349,1.0
15,kazllm,baseline,5,5,1.0,True,1.0,0.4807692307692308,0.7446808510638298,0.10936405509710312,0.5265316838114247,0.9312423467636108,0.8
15,kazllm,kazdiv,5,5,1.0,True,1.0,0.4,0.5777777777777777,0.11176706850528717,0.6627898256859363,0.9294891953468323,1.0
15,llama,baseline,5,5,1.0,True,1.0,0.25,0.37333333333333335,0.13986937701702118,0.7239669274140532,0.9229583859443664,0.6
15,llama,kazdiv,5,5,1.0,True,1.0,0.4117647058823529,0.5869565217391305,0.11572995036840439,0.7108465728210372,0.9283007383346558,1.0
16,kazllm,baseline,5,5,1.0,True,0.8,0.3076923076923077,0.425531914893617,0.04748246818780899,0.8447175334970931,0.9770344138145447,0.6
16,kazllm,kazdiv,5,5,1.0,True,1.0,0.36666666666666664,0.5454545454545454,0.1047353520989418,0.7620295771966561,0.9231772303581238,1.0
16,llama,baseline,5,5,1.0,True,0.4,0.32558139534883723,0.34210526315789475,0.08140208572149277,0.8852802865422442,0.9026331901550293,1.0
16,llama,kazdiv,5,5,1.0,True,1.0,0.6909090909090909,0.9,0.1960395872592926,0.227928236159536,0.874791944026947,1.0
17,kazllm,baseline,5,5,1.0,True,1.0,0.4482758620689655,0.5849056603773585,0.10763604938983917,0.6421133642580945,0.9272144556045532,0.8
17,kazllm,kazdiv,5,5,1.0,True,0.8,0.29310344827586204,0.3584905660377358,0.072727732360363,0.885250410734707,0.9210893392562867,1.0
17,llama,baseline,5,5,1.0,True,1.0,0.379746835443038,0.5424836601307189,0.1679193377494812,0.6378628586367527,0.8938013553619385,0.8
17,llama,kazdiv,5,5,1.0,True,1.0,0.5172413793103449,0.6415094339622641,0.18562930822372437,0.5673357921792818,0.8940974712371826,1.0
18,kazllm,baseline,5,5,1.0,True,1.0,0.42857142857142855,0.5689655172413793,0.11495859920978546,0.6899812723409202,0.9258281946182251,0.8
18,kazllm,kazdiv,5,5,1.0,True,1.0,0.28125,0.4406779661016949,0.05613555759191513,0.8381776701854555,0.9571582317352295,1.0
18,llama,baseline,5,5,1.0,True,1.0,0.32407407407407407,0.4563106796116505,0.1740579605102539,0.6512174345114443,0.8894383192062378,0.8
18,llama,kazdiv,5,5,1.0,True,1.0,0.4857142857142857,0.6615384615384615,0.12596896290779114,0.5651353657334706,0.914959442615509,1.0
19,kazllm,baseline,5,5,1.0,True,0.6,0.3137254901960784,0.41304347826086957,0.043040014803409576,0.8333898312143967,0.9767874956130982,0.4
19,kazllm,kazdiv,5,5,1.0,True,1.0,0.4107142857142857,0.5686274509803921,0.17481070756912231,0.6619920439045719,0.8928312540054322,1.0
20,kazllm,baseline,5,5,1.0,True,0.8,0.30612244897959184,0.38636363636363635,0.027438407763838768,0.8456135409557433,0.98222416639328,1.0
20,kazllm,kazdiv,5,5,1.0,True,1.0,0.52,0.7555555555555555,0.17699241638183594,0.5476355391163679,0.8610141396522522,1.0
20,llama,baseline,5,5,1.0,True,1.0,0.5522388059701493,0.7903225806451613,0.23350754380226135,0.3678226562682147,0.8584952235221863,0.8
20,llama,kazdiv,5,5,1.0,True,1.0,0.6481481481481481,0.7755102040816326,0.2108997404575348,0.4211889802406521,0.8157670140266419,1.0
21,kazllm,baseline,5,5,1.0,True,1.0,0.3090909090909091,0.36,0.0959276482462883,0.9117376196997176,0.93797847032547,0.8
21,kazllm,kazdiv,5,5,1.0,True,1.0,0.3090909090909091,0.46,0.05351882055401802,0.8213807660671251,0.9524139046669007,1.0
21,llama,baseline,5,5,1.0,True,1.0,0.3655913978494624,0.5227272727272727,0.14941440522670746,0.6091110265366554,0.8766628861427307,0.8
21,llama,kazdiv,5,5,1.0,True,1.0,0.515625,0.6949152542372882,0.1626449078321457,0.5847351133634768,0.8861375451087952,1.0
22,kazllm,baseline,5,5,1.0,True,1.0,0.46153846153846156,0.5666666666666667,0.10990109294652939,0.720113310162829,0.944419002532959,0.6
22,kazllm,kazdiv,5,5,1.0,True,1.0,0.42592592592592593,0.6530612244897959,0.1362898051738739,0.6052840969105422,0.9175704002380372,1.0
22,llama,baseline,5,5,1.0,True,1.0,0.45569620253164556,0.6351351351351351,0.20765157043933868,0.5311100088185317,0.8433666944503784,0.8
22,llama,kazdiv,5,5,1.0,True,1.0,0.5333333333333333,0.725,0.1605771780014038,0.4874245419974795,0.8960082292556762,1.0
23,kazllm,baseline,5,5,1.0,True,1.0,0.4727272727272727,0.68,0.09083425253629684,0.580542755593256,0.9469340443611145,1.0
23,kazllm,kazdiv,5,5,1.0,True,1.0,0.5172413793103449,0.7547169811320755,0.12302146852016449,0.5349071904824193,0.9253413558006287,1.0
23,llama,baseline,5,5,1.0,True,0.8,0.27941176470588236,0.36507936507936506,0.06635764241218567,0.8390784521940707,0.9491358637809754,1.0
23,llama,kazdiv,5,5,1.0,True,1.0,0.5384615384615384,0.7659574468085106,0.14374548196792603,0.4900628072620961,0.9109903573989868,1.0
24,kazllm,baseline,5,5,1.0,True,1.0,0.5,0.7192982456140351,0.10650023072957993,0.5599302649421001,0.9237319707870484,1.0
24,kazllm,kazdiv,5,5,1.0,True,1.0,0.5409836065573771,0.7142857142857143,0.17442195117473602,0.4835213447684247,0.8869245290756226,1.0
24,llama,baseline,5,5,1.0,True,1.0,0.5652173913043478,0.71875,0.239101380109787,0.5153961457964268,0.8296884179115296,0.8
24,llama,kazdiv,5,5,1.0,True,1.0,0.5263157894736842,0.8269230769230769,0.14912287890911102,0.4421422728618748,0.9058851599693298,1.0
25,kazllm,baseline,5,5,1.0,True,0.8,0.25,0.3333333333333333,0.020142948254942894,0.9023450530548811,0.9899366617202758,0.6
25,kazllm,kazdiv,5,5,1.0,True,1.0,0.3090909090909091,0.5,0.09202559292316437,0.7466162479743513,0.9484406113624573,1.0
25,llama,baseline,5,5,1.0,True,1.0,0.4528301886792453,0.5833333333333334,0.22097380459308624,0.7020753177704797,0.8759081363677979,1.0
25,llama,kazdiv,5,5,1.0,True,1.0,0.35185185185185186,0.5102040816326531,0.1186017170548439,0.7258067515510219,0.9053107619285583,1.0
26,kazllm,baseline,5,5,1.0,True,1.0,0.43333333333333335,0.6545454545454545,0.0673123151063919,0.6931308907269549,0.9127721071243287,1.0
26,kazllm,kazdiv,5,5,1.0,True,1.0,0.4482758620689655,0.6792452830188679,0.09671395272016525,0.6540698288684159,0.9403445482254028,1.0
26,llama,baseline,5,5,1.0,True,1.0,0.4,0.5538461538461539,0.16467590630054474,0.636646001948443,0.8947755098342896,1.0
26,llama,kazdiv,5,5,1.0,True,1.0,0.6595744680851063,0.8809523809523809,0.1666853129863739,0.26441025100011045,0.8934359788894654,1.0
27,kazllm,baseline,5,5,1.0,True,1.0,0.3090909090909091,0.5,0.052712321281433105,0.8164403981583395,0.9577555537223816,1.0
27,kazllm,kazdiv,5,5,1.0,True,1.0,0.35714285714285715,0.5294117647058824,0.049566466361284256,0.7552390422078453,0.9700841903686523,1.0
27,llama,baseline,5,5,1.0,True,0.8,0.3333333333333333,0.453125,0.09824156016111374,0.7349512920811717,0.9461786627769471,0.4
27,llama,kazdiv,5,5,1.0,True,1.0,0.5806451612903226,0.7719298245614035,0.16286468505859375,0.4179004719929176,0.9013852596282959,1.0
28,kazllm,baseline,5,5,1.0,True,0.8,0.3333333333333333,0.41818181818181815,0.10252120345830917,0.8745486858400762,0.9294090032577514,0.6
28,kazllm,kazdiv,5,5,1.0,True,1.0,0.39622641509433965,0.6041666666666666,0.12719129025936127,0.702665545578997,0.922238004207611,1.0
28,llama,baseline,5,5,1.0,True,0.8,0.5909090909090909,0.7213114754098361,0.27704480290412903,0.547635080771929,0.8143762350082397,0.6
28,llama,kazdiv,5,5,1.0,True,1.0,0.5272727272727272,0.74,0.2156301736831665,0.5495876758827659,0.8325640916824341,1.0
29,kazllm,baseline,5,5,1.0,True,0.8,0.3559322033898305,0.42592592592592593,0.05233341455459595,0.8105964240037421,0.9707058310508728,0.6
29,kazllm,kazdiv,5,5,1.0,True,1.0,0.38333333333333336,0.4727272727272727,0.10449381172657013,0.7667770394632678,0.931853985786438,1.0
30,kazllm,baseline,5,5,1.0,True,1.0,0.5517241379310345,0.7169811320754716,0.20765097439289093,0.4999228322220615,0.8513871431350708,1.0
30,kazllm,kazdiv,5,5,1.0,True,1.0,0.47058823529411764,0.6086956521739131,0.12528440356254578,0.6351127886938236,0.8888777971267701,1.0
30,llama,baseline,5,5,1.0,True,1.0,0.543859649122807,0.6730769230769231,0.21139422059059143,0.5919741626578812,0.8298986434936524,0.6
30,llama,kazdiv,5,5,1.0,True,1.0,0.6379310344827587,0.8113207547169812,0.20469054579734802,0.3571867443054816,0.808683705329895,1.0
31,kazllm,baseline,5,5,1.0,True,1.0,0.4583333333333333,0.6046511627906976,0.11666639149188995,0.6482261442667594,0.9322279453277588,0.8
31,kazllm,kazdiv,5,5,1.0,True,1.0,0.3684210526315789,0.4807692307692308,0.11527003347873688,0.7765532072458463,0.8946537375450134,1.0
31,llama,baseline,5,5,1.0,True,1.0,0.5084745762711864,0.6481481481481481,0.20829984545707703,0.6063810856512106,0.8713021397590637,0.8
31,llama,kazdiv,5,5,1.0,True,1.0,0.56,0.6444444444444445,0.15184320509433746,0.5308835981967659,0.9122053623199463,1.0
32,kazllm,baseline,5,5,1.0,True,0.6,0.42,0.4888888888888889,0.06935951858758926,0.7243675408687322,0.9617338061332703,0.4
32,kazllm,kazdiv,5,5,1.0,True,1.0,0.3,0.4,0.03144275024533272,0.9068058680133493,0.9795961976051331,1.0
32,llama,baseline,5,5,1.0,True,1.0,0.5087719298245614,0.6153846153846154,0.25025755167007446,0.5672799614429688,0.826681935787201,0.8
32,llama,kazdiv,5,5,1.0,True,1.0,0.55,0.7428571428571429,0.23447518050670624,0.5222579050939475,0.8265620112419129,1.0
33,kazllm,baseline,5,5,1.0,True,0.8,0.43478260869565216,0.5365853658536586,0.12154332548379898,0.7343371803218337,0.9292882561683655,0.6
33,kazllm,kazdiv,5,5,1.0,True,0.8,0.5,0.6170212765957447,0.12895214557647705,0.6930292713907362,0.9289236664772034,1.0
33,llama,baseline,5,5,1.0,True,1.0,0.36764705882352944,0.4444444444444444,0.11926964670419693,0.6974913841424307,0.9257452845573425,0.8
33,llama,kazdiv,5,5,1.0,True,1.0,0.5272727272727272,0.6,0.1926315277814865,0.5541206178738042,0.8836471915245057,1.0
34,kazllm,baseline,5,5,1.0,True,1.0,0.45098039215686275,0.6956521739130435,0.1300538033246994,0.5874121997939914,0.8800835132598877,1.0
34,kazllm,kazdiv,5,5,1.0,True,1.0,0.3333333333333333,0.5102040816326531,0.09610529243946075,0.8075778923291802,0.920625627040863,1.0
34,llama,baseline,5,5,1.0,True,1.0,0.5942028985507246,0.703125,0.28994220495224,0.5145941722445577,0.8357816934585571,0.8
34,llama,kazdiv,5,5,1.0,True,1.0,0.7692307692307693,0.9361702127659575,0.1765795797109604,0.18425185546254683,0.8329624652862548,1.0
35,kazllm,baseline,5,5,1.0,True,1.0,0.42857142857142855,0.6666666666666666,0.10101203620433807,0.6401767638699601,0.9437502980232239,0.8
35,kazllm,kazdiv,5,5,1.0,True,1.0,0.32786885245901637,0.44642857142857145,0.13780997693538666,0.6832375143196137,0.9172500252723694,1.0
35,llama,baseline,5,5,1.0,True,1.0,0.2235294117647059,0.275,0.12550286948680878,0.8604893919429705,0.924629557132721,0.6
35,llama,kazdiv,5,5,1.0,True,1.0,0.5813953488372093,0.7631578947368421,0.22600023448467255,0.4114145136938049,0.8421948790550232,1.0
36,kazllm,baseline,5,5,1.0,True,1.0,0.31746031746031744,0.5,0.0405656099319458,0.8135273955468924,0.9627450108528137,1.0
36,kazllm,kazdiv,5,5,1.0,True,1.0,0.3125,0.4576271186440678,0.030210543423891068,0.7936478650829162,0.9802462458610535,1.0
36,llama,baseline,5,5,1.0,True,1.0,0.5526315789473685,0.7605633802816901,0.2027716338634491,0.46851769982669217,0.8756075263023376,1.0
36,llama,kazdiv,5,5,1.0,True,1.0,0.5806451612903226,0.6842105263157895,0.20548374950885773,0.39315196707397015,0.8429988980293274,1.0
37,kazllm,baseline,5,5,1.0,True,0.8,0.32894736842105265,0.4507042253521127,0.03226161748170853,0.7905734125609172,0.9634901523590088,1.0
37,kazllm,kazdiv,5,5,1.0,True,1.0,0.35802469135802467,0.5,0.07928215712308884,0.848189539863837,0.9399778366088867,1.0
37,llama,baseline,5,5,1.0,True,1.0,0.375,0.5066666666666667,0.16941866278648376,0.7087449871272916,0.8962050557136536,1.0
37,llama,kazdiv,5,5,1.0,True,1.0,0.5853658536585366,0.7012987012987013,0.21932187676429749,0.4454562232937106,0.865222716331482,1.0
38,kazllm,baseline,5,5,1.0,True,0.8,0.35555555555555557,0.5,0.10526347160339355,0.8031710636090995,0.9428935527801514,0.6
38,kazllm,kazdiv,5,5,1.0,True,1.0,0.46808510638297873,0.7142857142857143,0.16514036059379578,0.5340480553498641,0.8925175905227661,1.0
38,llama,baseline,5,5,1.0,True,0.8,0.18867924528301888,0.27053140096618356,0.3393039405345917,0.48276301105192065,0.7261730432510376,0.6
38,llama,kazdiv,5,5,1.0,True,1.0,0.5416666666666666,0.7441860465116279,0.16182366013526917,0.45605438083195454,0.8824414014816284,1.0
39,llama,baseline,5,5,1.0,True,1.0,0.37037037037037035,0.5102040816326531,0.07891780883073807,0.7105327625800373,0.9603735208511353,0.8
39,llama,kazdiv,5,5,1.0,True,1.0,0.5254237288135594,0.7037037037037037,0.17360304296016693,0.5651367868054997,0.8962994813919067,1.0
40,kazllm,baseline,5,5,1.0,True,1.0,0.5,0.6909090909090909,0.15140590071678162,0.5643285401787362,0.9012768626213074,1.0
40,kazllm,kazdiv,5,5,1.0,True,1.0,0.38596491228070173,0.46153846153846156,0.14131183922290802,0.7923694195985984,0.8947361707687378,1.0
40,llama,baseline,5,5,1.0,True,1.0,0.5521472392638037,0.7468354430379747,0.24287375807762146,0.6028212730423405,0.7695996403694153,0.8
40,llama,kazdiv,5,5,1.0,True,1.0,0.41818181818181815,0.6,0.14507798850536346,0.6743305913271418,0.8327135920524598,1.0
41,kazllm,baseline,5,5,1.0,True,1.0,0.375,0.5882352941176471,0.09712369740009308,0.6650473949004219,0.9372573971748352,1.0
41,kazllm,kazdiv,5,5,1.0,True,1.0,0.3728813559322034,0.5370370370370371,0.12443257868289948,0.778648246198052,0.9332386136054993,1.0
41,llama,baseline,5,5,1.0,True,0.8,0.5471698113207547,0.7708333333333334,0.23036637902259827,0.5734009343668849,0.8244164466857911,0.6
41,llama,kazdiv,5,5,1.0,True,1.0,0.55,0.7818181818181819,0.19549596309661865,0.45422759689462017,0.8696199059486389,1.0
42,kazllm,baseline,5,5,1.0,True,0.4,0.2222222222222222,0.225,0.001293134642764926,0.9763834207376394,0.9993533611297607,0.2
42,kazllm,kazdiv,5,5,1.0,True,1.0,0.3673469387755102,0.4772727272727273,0.06878779083490372,0.7567347566622432,0.964292335510254,1.0
42,llama,baseline,5,5,1.0,True,1.0,0.48484848484848486,0.6557377049180327,0.19938597083091736,0.599618395319853,0.8102956056594849,1.0
42,llama,kazdiv,5,5,1.0,True,1.0,0.4878048780487805,0.6666666666666666,0.1270245611667633,0.5239063404033131,0.9291171550750732,1.0
43,kazllm,baseline,5,5,1.0,True,0.8,0.2807017543859649,0.38461538461538464,0.008315998129546642,0.9163352919811931,0.9946326375007629,0.6
43,kazllm,kazdiv,5,5,1.0,True,1.0,0.423728813559322,0.5370370370370371,0.10199926048517227,0.7156246605460884,0.9465567469596863,1.0
43,llama,baseline,5,5,1.0,True,1.0,0.55,0.7466666666666667,0.29131457209587097,0.36695054653437353,0.7819340348243713,0.6
43,llama,kazdiv,5,5,1.0,True,1.0,0.6363636363636364,0.82,0.1733854115009308,0.40141335567942826,0.8766584992408752,1.0
44,kazllm,baseline,5,5,1.0,True,0.4,0.22,0.24444444444444444,0.023413728922605515,0.9673320053068151,0.988293194770813,0.2
44,kazllm,kazdiv,5,5,1.0,True,1.0,0.36,0.5555555555555556,0.15467211604118347,0.7696584882810175,0.8921877264976501,1.0
44,llama,baseline,5,5,1.0,True,1.0,0.34328358208955223,0.5,0.1759856939315796,0.7344734390049334,0.8520106434822082,1.0
44,llama,kazdiv,5,5,1.0,True,1.0,0.4727272727272727,0.72,0.19663067162036896,0.5393476829429391,0.8777772665023804,1.0
45,kazllm,baseline,5,5,1.0,True,0.8,0.30666666666666664,0.4142857142857143,0.08525855094194412,0.8159028747841719,0.9448086142539978,0.8
45,kazllm,kazdiv,5,5,1.0,True,1.0,0.2786885245901639,0.39285714285714285,0.08375232666730881,0.7983862882382302,0.9563197016716003,1.0
45,llama,baseline,5,5,1.0,True,1.0,0.17647058823529413,0.272,0.20484694838523865,0.5608439299770449,0.8517484903335572,0.8
45,llama,kazdiv,5,5,1.0,True,1.0,0.5333333333333333,0.75,0.18727529048919678,0.4866990083596486,0.8661405444145203,1.0
46,kazllm,baseline,5,5,1.0,True,0.4,0.24615384615384617,0.2833333333333333,0.0342303030192852,0.9270977818604486,0.9828848600387573,0.2
46,kazllm,kazdiv,5,5,1.0,True,0.6,0.24615384615384617,0.3,0.10022878646850586,0.9327877090748176,0.8587076663970947,1.0
46,llama,baseline,5,5,1.0,True,1.0,0.32,0.4,0.12217781692743301,0.8200835335896274,0.9347174286842346,0.8
46,llama,kazdiv,5,5,1.0,True,1.0,0.6666666666666666,0.78125,0.25919032096862793,0.46962125392260756,0.8465209245681763,1.0
47,kazllm,baseline,5,5,1.0,True,0.8,0.3392857142857143,0.47058823529411764,0.07002922892570496,0.852431741393359,0.9613078594207763,0.6
47,kazllm,kazdiv,5,5,1.0,True,1.0,0.40384615384615385,0.6170212765957447,0.1469292938709259,0.6305051799551047,0.9005566239356995,1.0
47,llama,baseline,5,5,1.0,True,1.0,0.28865979381443296,0.391304347826087,0.13324475288391113,0.7159831697684672,0.9237668991088868,0.4
47,llama,kazdiv,5,5,1.0,True,1.0,0.5925925925925926,0.7959183673469388,0.19940105080604553,0.43978212005756456,0.8727147817611695,1.0
48,kazllm,baseline,5,5,1.0,True,1.0,0.3469387755102041,0.4318181818181818,0.08553493022918701,0.8596559544542913,0.9477389454841614,0.8
48,kazllm,kazdiv,5,5,1.0,True,1.0,0.36,0.5555555555555556,0.17927980422973633,0.7051251298120451,0.8813342928886414,1.0
48,llama,baseline,5,5,1.0,True,1.0,0.4714285714285714,0.5692307692307692,0.17886389791965485,0.6912100208515058,0.9020240545272827,0.6
48,llama,kazdiv,5,5,1.0,True,1.0,0.6122448979591837,0.7727272727272727,0.23220519721508026,0.45340468351086194,0.8410772442817688,1.0
49,kazllm,baseline,5,5,1.0,True,1.0,0.40425531914893614,0.5952380952380952,0.10998795926570892,0.718154185821013,0.9161492347717285,1.0
49,kazllm,kazdiv,5,5,1.0,True,1.0,0.46,0.6888888888888889,0.10807378590106964,0.6127705169292341,0.9042200326919556,1.0
49,llama,baseline,5,5,1.0,True,1.0,0.3958333333333333,0.5813953488372093,0.08071783185005188,0.6535869069392322,0.9546219944953919,1.0
49,llama,kazdiv,5,5,1.0,True,1.0,0.47058823529411764,0.6086956521739131,0.14035817980766296,0.6787162819379668,0.9236013293266296,1.0
50,kazllm,baseline,5,5,1.0,True,1.0,0.28888888888888886,0.375,0.06739522516727448,0.8515467633619146,0.9596354007720947,0.8
50,kazllm,kazdiv,5,5,1.0,True,0.8,0.3829787234042553,0.5714285714285714,0.13016660511493683,0.7041558752396769,0.9166662573814393,1.0
50,llama,baseline,5,5,1.0,True,1.0,0.6041666666666666,0.7906976744186046,0.1778794825077057,0.45929174029365044,0.8981405258178711,1.0
50,llama,kazdiv,5,5,1.0,True,1.0,0.6382978723404256,0.8333333333333334,0.28770989179611206,0.34779767815234575,0.8062486052513123,1.0
51,kazllm,baseline,5,5,1.0,True,0.4,0.21666666666666667,0.21818181818181817,0.010507345199584961,0.9825741858350554,0.9947462320327759,0.2
51,kazllm,kazdiv,5,5,1.0,True,0.6,0.22950819672131148,0.26785714285714285,0.05059833079576492,0.9706434663567609,0.9680147051811219,1.0
51,llama,baseline,5,5,1.0,True,1.0,0.28205128205128205,0.3972602739726027,0.15503472089767456,0.6405210516264255,0.9148672699928284,0.6
51,llama,kazdiv,5,5,1.0,True,1.0,0.5178571428571429,0.7450980392156863,0.21320632100105286,0.5372722603165357,0.8415814638137817,1.0
52,kazllm,baseline,5,5,1.0,True,0.6,0.2972972972972973,0.375,0.028782272711396217,0.866655843041616,0.9859673261642456,0.4
52,kazllm,kazdiv,5,5,1.0,True,0.8,0.39473684210526316,0.5151515151515151,0.1035248190164566,0.7459827160225718,0.946420431137085,1.0
52,llama,baseline,5,5,1.0,True,1.0,0.6410256410256411,0.8823529411764706,0.20993129909038544,0.35737229257480907,0.8439491510391235,0.8
52,llama,kazdiv,5,5,1.0,True,1.0,0.7441860465116279,0.9473684210526315,0.1752624362707138,0.17046034097182144,0.8698678851127625,1.0
53,kazllm,baseline,5,5,1.0,True,1.0,0.29545454545454547,0.41025641025641024,0.043622635304927826,0.8420879351871751,0.9755891919136047,0.8
53,kazllm,kazdiv,5,5,1.0,True,1.0,0.5,0.7027027027027027,0.09904403984546661,0.5788904413964437,0.9308361172676086,1.0
53,llama,baseline,5,5,1.0,True,1.0,0.43478260869565216,0.5609756097560976,0.08899521082639694,0.69948310830487,0.9482672452926636,0.8
53,llama,kazdiv,5,5,1.0,True,1.0,0.5625,0.813953488372093,0.15540090203285217,0.41280441469146734,0.9037367701530457,1.0
54,kazllm,baseline,5,5,1.0,True,0.8,0.38461538461538464,0.5106382978723404,0.08967005461454391,0.8143645764494793,0.9244467139244079,1.0
54,kazllm,kazdiv,5,5,1.0,True,0.8,0.3333333333333333,0.43478260869565216,0.13460074365139008,0.8080004428745621,0.8756956934928894,1.0
54,llama,baseline,5,5,1.0,True,1.0,0.4307692307692308,0.6166666666666667,0.14686278998851776,0.7133338614843892,0.8877630352973938,0.6
54,llama,kazdiv,5,5,1.0,True,1.0,0.543859649122807,0.7307692307692307,0.14928486943244934,0.5710920244950518,0.8877833485603333,1.0
55,kazllm,baseline,5,5,1.0,True,0.8,0.3,0.35555555555555557,0.019627690315246582,0.8709393563992631,0.9890758156776428,0.8
55,kazllm,kazdiv,5,5,1.0,True,1.0,0.375,0.5116279069767442,0.030860936269164085,0.8574896049460993,0.9798677206039429,1.0
55,llama,baseline,5,5,1.0,True,1.0,0.5949367088607594,0.7702702702702703,0.24608378112316132,0.5046518057804963,0.7449699759483337,0.6
55,llama,kazdiv,5,5,1.0,True,1.0,0.48333333333333334,0.6545454545454545,0.12209949642419815,0.5937411977607634,0.9361270666122437,1.0
56,kazllm,baseline,5,5,1.0,True,0.4,0.28,0.3111111111111111,0.10383343696594238,0.9032795558988644,0.9480833888053894,0.0
56,kazllm,kazdiv,5,5,1.0,True,1.0,0.35185185185185186,0.5306122448979592,0.057339996099472046,0.7795602077627984,0.9242069005966187,1.0
56,llama,baseline,5,5,1.0,True,1.0,0.5645161290322581,0.7368421052631579,0.23169004917144775,0.5475965240969205,0.8322662234306335,0.6
56,llama,kazdiv,5,5,1.0,True,1.0,0.603448275862069,0.8113207547169812,0.237356498837471,0.40764033668632116,0.8226688385009766,1.0
57,kazllm,baseline,5,5,1.0,True,1.0,0.3,0.4,0.023349368944764137,0.900306581933695,0.9781670928001404,0.8
57,kazllm,kazdiv,5,5,1.0,True,1.0,0.46153846153846156,0.723404255319149,0.10520122945308685,0.5997433372507397,0.9397974729537963,1.0
57,llama,baseline,5,5,1.0,True,1.0,0.4909090909090909,0.7,0.17343086004257202,0.5432022669692149,0.9062130451202393,1.0
57,llama,kazdiv,5,5,1.0,True,1.0,0.6304347826086957,0.8780487804878049,0.21351297199726105,0.3032929993143002,0.851601529121399,1.0
58,kazllm,baseline,5,5,1.0,True,1.0,0.3584905660377358,0.5416666666666666,0.08669496327638626,0.757151711909092,0.9446250677108765,0.8
58,kazllm,kazdiv,5,5,1.0,True,0.6,0.25,0.3137254901960784,0.040492910891771317,0.9456438162508839,0.9655462622642517,1.0
58,llama,baseline,5,5,1.0,True,1.0,0.3,0.3684210526315789,0.1922774612903595,0.7185238229691326,0.8427111864089966,0.8
58,llama,kazdiv,5,5,1.0,True,1.0,0.6,0.86,0.1389453262090683,0.40294752721789723,0.9155711770057678,1.0
59,kazllm,baseline,5,5,1.0,True,0.6,0.25,0.3076923076923077,0.018574398010969162,0.9028500118356467,0.9904213309288025,0.4
59,kazllm,kazdiv,5,5,1.0,True,1.0,0.5,0.6585365853658537,0.1664050966501236,0.6658440759226141,0.8918164134025574,1.0
59,llama,baseline,5,5,1.0,True,1.0,0.38235294117647056,0.5238095238095238,0.1489729881286621,0.6669105318811265,0.9081918716430664,0.8
59,llama,kazdiv,5,5,1.0,True,1.0,0.5111111111111111,0.825,0.20094171166419983,0.376052770501565,0.8692091703414917,1.0
60,kazllm,baseline,5,5,1.0,True,0.8,0.32075471698113206,0.4375,0.04574993997812271,0.821269876471254,0.9764225959777832,0.6
60,kazllm,kazdiv,5,5,1.0,True,0.8,0.32075471698113206,0.4375,0.04608083888888359,0.8775436230290319,0.9730759024620056,1.0
60,llama,baseline,5,5,1.0,True,1.0,0.5462962962962963,0.6990291262135923,0.21690435707569122,0.5326018813791673,0.8558586239814758,0.4
60,llama,kazdiv,5,5,1.0,True,1.0,0.6507936507936508,0.8103448275862069,0.2687954306602478,0.307769794189111,0.812868332862854,1.0
61,kazllm,baseline,5,5,1.0,True,0.2,0.2,0.2,-2.384185791015625e-07,1.0,1.0,0.0
61,kazllm,kazdiv,5,5,1.0,True,1.0,0.39344262295081966,0.5535714285714286,0.09493472427129745,0.7061442596365624,0.928376579284668,1.0
61,llama,baseline,5,5,1.0,True,1.0,0.5285714285714286,0.7384615384615385,0.20004618167877197,0.46680505037139214,0.7949668526649475,0.6
61,llama,kazdiv,5,5,1.0,True,1.0,0.5172413793103449,0.6981132075471698,0.16977326571941376,0.5112354547690942,0.8192421078681946,1.0
62,kazllm,baseline,5,5,1.0,True,1.0,0.32142857142857145,0.47058823529411764,0.0776088535785675,0.8491433816998949,0.937377643585205,0.8
62,kazllm,kazdiv,5,5,1.0,True,1.0,0.32786885245901637,0.5714285714285714,0.11320360004901886,0.7035914015102394,0.8914468169212342,1.0
62,llama,baseline,5,5,1.0,True,1.0,0.4931506849315068,0.7352941176470589,0.21130910515785217,0.5677887235719911,0.7521494030952454,0.6
62,llama,kazdiv,5,5,1.0,True,1.0,0.4897959183673469,0.7727272727272727,0.1986652910709381,0.4515674682331614,0.8425299763679505,1.0
63,kazllm,baseline,5,5,1.0,True,1.0,0.423728813559322,0.5740740740740741,0.1697450876235962,0.6875014976164635,0.8921103477478027,0.8
63,kazllm,kazdiv,5,5,1.0,True,1.0,0.53125,0.711864406779661,0.14454735815525055,0.5147821554873987,0.8934088826179505,1.0
63,llama,baseline,5,5,1.0,True,1.0,0.3258426966292135,0.42857142857142855,0.15920156240463257,0.693617175350435,0.888582444190979,0.8
63,llama,kazdiv,5,5,1.0,True,1.0,0.45161290322580644,0.631578947368421,0.18575039505958557,0.574186004876286,0.8745994448661805,1.0
64,kazllm,baseline,5,5,1.0,True,0.6,0.32608695652173914,0.36585365853658536,0.029426049441099167,0.8560320790640592,0.985340929031372,0.4
64,kazllm,kazdiv,5,5,1.0,True,1.0,0.4,0.6,0.1266903579235077,0.6674143815337061,0.899056875705719,1.0
64,llama,baseline,5,5,1.0,True,1.0,0.15048543689320387,0.23880597014925373,0.2920539379119873,0.5075471918573684,0.8053749680519104,0.6
64,llama,kazdiv,5,5,1.0,True,1.0,0.6326530612244898,0.8409090909090909,0.22196504473686218,0.3505907366649743,0.8352834701538085,1.0
65,kazllm,baseline,5,5,1.0,True,1.0,0.4807692307692308,0.6808510638297872,0.09733964502811432,0.6222248530927026,0.9286828756332397,1.0
65,kazllm,kazdiv,5,5,1.0,True,1.0,0.5185185185185185,0.6938775510204082,0.15401987731456757,0.5843252376955135,0.9049512624740601,1.0
65,llama,baseline,5,5,1.0,True,1.0,0.34210526315789475,0.5492957746478874,0.11773152649402618,0.618359972897865,0.9247243523597717,0.8
65,llama,kazdiv,5,5,1.0,True,1.0,0.6,0.8666666666666667,0.18450817465782166,0.36353865994336326,0.8708566069602967,1.0
66,kazllm,baseline,5,5,1.0,True,1.0,0.5,0.6140350877192983,0.1653590202331543,0.4928392590883604,0.8991514086723328,0.6
66,kazllm,kazdiv,5,5,1.0,True,1.0,0.41304347826086957,0.5365853658536586,0.08805613964796066,0.7177566345932932,0.9424853205680848,1.0
66,llama,baseline,5,5,1.0,True,1.0,0.47297297297297297,0.6666666666666666,0.2230844497680664,0.43863576158293915,0.8395832061767579,0.6
66,llama,kazdiv,5,5,1.0,True,1.0,0.6666666666666666,0.7959183673469388,0.1968579739332199,0.3780660913894399,0.8849168658256531,1.0
67,kazllm,baseline,5,5,1.0,True,0.8,0.2903225806451613,0.45614035087719296,0.06188298016786575,0.8202243902822351,0.9688252806663513,0.6
67,kazllm,kazdiv,5,5,1.0,True,0.8,0.3333333333333333,0.4,0.09684830904006958,0.8200230391856614,0.9498332023620606,1.0
67,llama,baseline,5,5,1.0,True,1.0,0.36619718309859156,0.4696969696969697,0.1527094841003418,0.7566990383615855,0.9046997427940369,1.0
67,llama,kazdiv,5,5,1.0,True,1.0,0.4696969696969697,0.6557377049180327,0.1737377941608429,0.6110054926896991,0.8737884998321533,1.0
68,kazllm,baseline,5,5,1.0,True,1.0,0.47619047619047616,0.7027027027027027,0.08556784689426422,0.6008362131950149,0.945793092250824,1.0
68,kazllm,kazdiv,5,5,1.0,True,1.0,0.5227272727272727,0.7435897435897436,0.10993218421936035,0.5926115982320865,0.8833698749542236,1.0
68,llama,baseline,5,5,1.0,True,0.8,0.6296296296296297,0.7755102040816326,0.2168501913547516,0.5751257247876821,0.8409908533096313,0.6
68,llama,kazdiv,5,5,1.0,True,1.0,0.717391304347826,0.975609756097561,0.2464626133441925,0.14894597218407932,0.786379361152649,1.0
69,kazllm,baseline,5,5,1.0,True,0.8,0.28,0.35555555555555557,0.03449448198080063,0.9019531622912721,0.97862628698349,0.8
69,kazllm,kazdiv,5,5,1.0,True,1.0,0.2826086956521739,0.4146341463414634,0.10956909507513046,0.8634985909113304,0.8978691339492798,1.0
69,llama,baseline,5,5,1.0,True,1.0,0.3103448275862069,0.4339622641509434,0.12151224911212921,0.7766863914209837,0.8824394106864929,1.0
69,llama,kazdiv,5,5,1.0,True,1.0,0.35714285714285715,0.6756756756756757,0.13813099265098572,0.6253926581520141,0.8973139643669128,1.0
70,kazllm,baseline,5,5,1.0,True,0.8,0.2826086956521739,0.36585365853658536,0.05474293977022171,0.8938582124011913,0.9136903524398804,0.8
70,kazllm,kazdiv,5,5,1.0,True,1.0,0.45098039215686275,0.6739130434782609,0.10406126827001572,0.6489864522810295,0.9326845884323121,1.0
70,llama,baseline,5,5,1.0,True,1.0,0.31868131868131866,0.4883720930232558,0.12365981191396713,0.6073846407776913,0.9005882859230041,0.6
70,llama,kazdiv,5,5,1.0,True,1.0,0.6511627906976745,0.7894736842105263,0.20221999287605286,0.4210909835261104,0.8738824963569641,1.0
71,kazllm,baseline,5,5,1.0,True,0.8,0.3620689655172414,0.4528301886792453,0.057836610823869705,0.7871338634889781,0.9605414628982544,1.0
71,kazllm,kazdiv,5,5,1.0,True,0.8,0.2786885245901639,0.35714285714285715,0.07258118689060211,0.8615427710362062,0.9332467079162597,1.0
71,llama,baseline,5,5,1.0,True,1.0,0.4931506849315068,0.6470588235294118,0.2445763647556305,0.6286354991381986,0.7801146745681763,0.8
71,llama,kazdiv,5,5,1.0,True,1.0,0.45652173913043476,0.7317073170731707,0.14954574406147003,0.594226733867377,0.8257565975189209,1.0
72,llama,baseline,5,5,1.0,True,0.8,0.3055555555555556,0.373134328358209,0.08833353221416473,0.8494978609662731,0.912001657485962,1.0
72,llama,kazdiv,5,5,1.0,True,1.0,0.4262295081967213,0.5357142857142857,0.1358598917722702,0.7246912142264816,0.9112209558486939,1.0
73,kazllm,baseline,5,5,1.0,True,0.8,0.32786885245901637,0.44642857142857145,0.057325053960084915,0.8102170691447957,0.9675545215606689,1.0
73,kazllm,kazdiv,5,5,1.0,True,0.8,0.2711864406779661,0.37037037037037035,0.05483384057879448,0.882075916355013,0.9700007915496827,1.0
73,llama,baseline,5,5,1.0,True,1.0,0.543046357615894,0.7808219178082192,0.24277272820472717,0.5488286681552008,0.8560546636581421,0.8
73,llama,kazdiv,5,5,1.0,True,1.0,0.5285714285714286,0.7384615384615385,0.13950318098068237,0.5000063146712297,0.9214317321777343,1.0
74,kazllm,baseline,5,5,1.0,True,0.8,0.3620689655172414,0.4716981132075472,0.07929486781358719,0.8711434046212527,0.9448604702949523,0.6
74,kazllm,kazdiv,5,5,1.0,True,1.0,0.4,0.6,0.0714179128408432,0.6771204630479539,0.9580475926399231,1.0
74,llama,baseline,5,5,1.0,True,1.0,0.45454545454545453,0.6476190476190476,0.1582944393157959,0.6192483668751052,0.8957671046257019,0.4
74,llama,kazdiv,5,5,1.0,True,1.0,0.625,0.8627450980392157,0.2547343671321869,0.3531613203440108,0.833970308303833,1.0
75,kazllm,baseline,5,5,1.0,True,0.8,0.30612244897959184,0.38636363636363635,0.053768597543239594,0.8921113863984225,0.9708110213279724,0.8
75,kazllm,kazdiv,5,5,1.0,True,1.0,0.40816326530612246,0.5454545454545454,0.11389652639627457,0.7685780156346902,0.9223461270332336,1.0
75,llama,baseline,5,5,1.0,True,1.0,0.4,0.6166666666666667,0.19189968705177307,0.6394778309010057,0.8777276992797851,1.0
75,llama,kazdiv,5,5,1.0,True,1.0,0.5483870967741935,0.7017543859649122,0.2208092212677002,0.49879099796637283,0.8637220382690429,1.0
76,kazllm,baseline,5,5,1.0,True,1.0,0.42857142857142855,0.5517241379310345,0.12587867677211761,0.7247848082461914,0.9324167966842651,0.8
76,kazllm,kazdiv,5,5,1.0,True,0.6,0.25,0.288135593220339,0.021591823548078537,0.9186623249355328,0.9877931714057923,1.0
76,llama,baseline,5,5,1.0,True,1.0,0.5416666666666666,0.6716417910447762,0.207562655210495,0.5863096957849966,0.8423164367675782,0.8
76,llama,kazdiv,5,5,1.0,True,1.0,0.42857142857142855,0.6470588235294118,0.10251031070947647,0.6474429563759839,0.940881884098053,1.0
77,kazllm,baseline,5,5,1.0,True,1.0,0.4444444444444444,0.6122448979591837,0.06832762062549591,0.6345207545061257,0.9616891503334045,0.8
77,kazllm,kazdiv,5,5,1.0,True,1.0,0.40384615384615385,0.5957446808510638,0.08061812072992325,0.747065867548847,0.9468448877334594,1.0
77,llama,baseline,5,5,1.0,True,1.0,0.36619718309859156,0.48484848484848486,0.23049144446849823,0.5924243226644529,0.8522967457771301,0.8
77,llama,kazdiv,5,5,1.0,True,1.0,0.3877551020408163,0.5454545454545454,0.08700443059206009,0.6873499956164225,0.9440249681472779,1.0
78,kazllm,baseline,5,5,1.0,True,0.8,0.26666666666666666,0.38181818181818183,0.05806412547826767,0.8721944392484259,0.9687209725379944,0.6
78,kazllm,kazdiv,5,5,1.0,True,1.0,0.359375,0.5084745762711864,0.0703340694308281,0.7463715812734202,0.95894855260849,1.0
78,llama,baseline,5,5,1.0,True,1.0,0.5166666666666667,0.7636363636363637,0.2386489361524582,0.5152238586930017,0.8101834535598755,1.0
78,llama,kazdiv,5,5,1.0,True,1.0,0.46153846153846156,0.6595744680851063,0.1790136992931366,0.5753304146425875,0.8762806534767151,1.0
79,kazllm,baseline,5,5,1.0,True,1.0,0.46,0.6,0.10399071127176285,0.6724077186309239,0.9119488000869751,1.0
79,kazllm,kazdiv,5,5,1.0,True,1.0,0.4444444444444444,0.5306122448979592,0.10537545382976532,0.7130936481949222,0.9165559411048889,1.0
79,llama,baseline,5,5,1.0,True,1.0,0.6125,0.84,0.2891882359981537,0.36434285391888965,0.7396092772483825,0.4
79,llama,kazdiv,5,5,1.0,True,1.0,0.7142857142857143,0.8409090909090909,0.22301888465881348,0.3280689183048887,0.8266313433647156,1.0
80,kazllm,baseline,5,5,1.0,True,1.0,0.4927536231884058,0.671875,0.17764636874198914,0.6066462933669372,0.8973841071128845,1.0
80,kazllm,kazdiv,5,5,1.0,True,1.0,0.453125,0.6440677966101694,0.1287192553281784,0.6082159004042758,0.8628395438194275,1.0
80,llama,baseline,5,5,1.0,True,1.0,0.35,0.5037037037037037,0.24135780334472656,0.5520216873314314,0.8151732683181763,0.4
80,llama,kazdiv,5,5,1.0,True,1.0,0.5081967213114754,0.75,0.17744365334510803,0.5375709951699897,0.8611639380455017,1.0
81,kazllm,baseline,5,5,1.0,True,0.8,0.3333333333333333,0.43636363636363634,0.012731027789413929,0.826193424615095,0.9903910279273986,1.0
81,kazllm,kazdiv,5,5,1.0,True,1.0,0.39655172413793105,0.6226415094339622,0.1110391840338707,0.6559077645471094,0.9137498497962951,1.0
81,llama,baseline,5,5,1.0,True,1.0,0.38461538461538464,0.5333333333333333,0.06750109791755676,0.7570893251701059,0.9625679612159729,1.0
81,llama,kazdiv,5,5,1.0,True,1.0,0.6346153846153846,0.8723404255319149,0.20930056273937225,0.32793595661430675,0.848558759689331,1.0
82,kazllm,baseline,5,5,1.0,True,0.8,0.3448275862068966,0.4716981132075472,0.04151337221264839,0.7910244000496602,0.9772361636161804,0.6
82,kazllm,kazdiv,5,5,1.0,True,0.8,0.32786885245901637,0.42857142857142855,0.07352617383003235,0.8688481019090546,0.9598494887351989,1.0
82,llama,baseline,5,5,1.0,True,1.0,0.42592592592592593,0.5510204081632653,0.1699899137020111,0.694071830596962,0.8940171241760254,1.0
82,llama,kazdiv,5,5,1.0,True,1.0,0.5818181818181818,0.84,0.18188312649726868,0.386648259241457,0.8916118144989014,1.0
83,kazllm,baseline,5,5,1.0,True,1.0,0.36538461538461536,0.5106382978723404,0.04818804934620857,0.7668961409497496,0.9737305879592896,0.8
83,kazllm,kazdiv,5,5,1.0,True,0.8,0.3333333333333333,0.4418604651162791,0.059411805123090744,0.8576036704495872,0.9622642874717713,1.0
83,llama,baseline,5,5,1.0,True,1.0,0.36363636363636365,0.47540983606557374,0.10101328045129776,0.6916534533373431,0.9447500944137573,0.8
83,llama,kazdiv,5,5,1.0,True,1.0,0.52,0.6444444444444445,0.10768333822488785,0.5721282814748019,0.9416473507881165,1.0
84,llama,baseline,5,5,1.0,True,1.0,0.5256410256410257,0.6986301369863014,0.2449125051498413,0.5144130717708861,0.8517579436302185,0.8
84,llama,kazdiv,5,5,1.0,True,1.0,0.3,0.4222222222222222,0.07104425132274628,0.8167939002791821,0.9590545177459717,1.0
85,kazllm,baseline,5,5,1.0,True,0.8,0.42857142857142855,0.5227272727272727,0.044583410024642944,0.8366856896531921,0.9687372922897339,1.0
85,kazllm,kazdiv,5,5,1.0,True,1.0,0.3695652173913043,0.5365853658536586,0.0853688046336174,0.7811998809812892,0.9427823424339294,1.0
85,llama,baseline,5,5,1.0,True,1.0,0.5507246376811594,0.734375,0.1868550330400467,0.5108981102955428,0.8676786661148072,1.0
85,llama,kazdiv,5,5,1.0,True,1.0,0.5087719298245614,0.6538461538461539,0.13521431386470795,0.6148048562413183,0.9165216684341431,1.0
86,kazllm,baseline,5,5,1.0,True,1.0,0.3333333333333333,0.41304347826086957,0.02055634930729866,0.853861885190458,0.9844265699386596,0.8
86,kazllm,kazdiv,5,5,1.0,True,1.0,0.30612244897959184,0.4318181818181818,0.02084594964981079,0.8905822704713675,0.9836828112602234,1.0
86,llama,baseline,5,5,1.0,True,1.0,0.3364485981308411,0.4803921568627451,0.10938294231891632,0.6036595028066648,0.9236624956130981,0.6
86,llama,kazdiv,5,5,1.0,True,1.0,0.4,0.525,0.0666174441576004,0.6753018068006907,0.9530421376228333,1.0
87,kazllm,baseline,5,5,1.0,True,0.4,0.21818181818181817,0.22,0.005102896597236395,0.9809068067466582,0.9974485754966735,0.2
87,kazllm,kazdiv,5,5,1.0,True,1.0,0.2909090909090909,0.4,0.022146767005324364,0.8714739642001064,0.9864553332328796,1.0
87,llama,baseline,5,5,1.0,True,1.0,0.47692307692307695,0.6666666666666666,0.18686902523040771,0.6355299101805543,0.8717617392539978,0.6
87,llama,kazdiv,5,5,1.0,True,1.0,0.2833333333333333,0.45454545454545453,0.11869273334741592,0.6902307086417775,0.9317717313766479,1.0
88,kazllm,baseline,5,5,1.0,True,0.6,0.2916666666666667,0.37209302325581395,0.026416057720780373,0.9,0.9842738747596741,0.4
88,kazllm,kazdiv,5,5,1.0,True,1.0,0.3541666666666667,0.46511627906976744,0.059337735176086426,0.7602573366626372,0.9633208990097046,1.0
88,llama,baseline,5,5,1.0,True,1.0,0.2916666666666667,0.4186046511627907,0.1387835144996643,0.8457400801458548,0.9056833148002624,0.8
88,llama,kazdiv,5,5,1.0,True,1.0,0.4489795918367347,0.6136363636363636,0.17467013001441956,0.6235410258717196,0.886804735660553,1.0
89,kazllm,baseline,5,5,1.0,True,1.0,0.5,0.6181818181818182,0.06740927696228027,0.6332253717177301,0.9585608005523681,1.0
89,kazllm,kazdiv,5,5,1.0,True,0.8,0.25862068965517243,0.32075471698113206,0.010586917400360107,0.9427204202399745,0.9936102509498597,1.0
89,llama,baseline,5,5,1.0,True,1.0,0.42592592592592593,0.5102040816326531,0.11651700735092163,0.7598675621707465,0.9203934073448181,0.8
89,llama,kazdiv,5,5,1.0,True,1.0,0.5789473684210527,0.8269230769230769,0.13286159932613373,0.39323515226773714,0.908584189414978,1.0
90,kazllm,baseline,5,5,1.0,True,0.6,0.3392857142857143,0.4117647058823529,0.03574125096201897,0.8160020577478573,0.9819264888763428,0.4
90,kazllm,kazdiv,5,5,1.0,True,1.0,0.45454545454545453,0.64,0.08751952648162842,0.6146428223427896,0.9489692807197571,1.0
90,llama,baseline,5,5,1.0,True,1.0,0.2524271844660194,0.3469387755102041,0.16801853477954865,0.5899572065188233,0.8823959589004516,0.6
90,llama,kazdiv,5,5,1.0,True,1.0,0.5185185185185185,0.673469387755102,0.15162715315818787,0.5408162545826769,0.9149639725685119,1.0
91,kazllm,baseline,5,5,1.0,True,0.8,0.2727272727272727,0.4,0.02028483711183071,0.9308308129530595,0.987003231048584,0.6
91,kazllm,kazdiv,5,5,1.0,True,0.8,0.2545454545454545,0.36,0.016896331682801247,0.9084531514757919,0.9861320972442627,1.0
91,llama,baseline,5,5,1.0,True,1.0,0.359375,0.4406779661016949,0.14064867794513702,0.7888980343897497,0.9105220079421997,1.0
91,llama,kazdiv,5,5,1.0,True,1.0,0.35714285714285715,0.5686274509803921,0.09541469067335129,0.71185484214034,0.9427169322967529,1.0
92,kazllm,baseline,5,5,1.0,True,1.0,0.32,0.4666666666666667,0.04580690339207649,0.8140566926150079,0.9718240737915039,1.0
92,kazllm,kazdiv,5,5,1.0,True,0.8,0.26,0.37777777777777777,0.015249824151396751,0.9200988467820939,0.9885650634765625,1.0
92,llama,baseline,5,5,1.0,True,1.0,0.5370370370370371,0.7755102040816326,0.1259705275297165,0.4788431732698829,0.9262360572814942,1.0
92,llama,kazdiv,5,5,1.0,True,1.0,0.42,0.6,0.07109711319208145,0.6719192487814762,0.9604440808296204,1.0
93,kazllm,baseline,5,5,1.0,True,0.8,0.3050847457627119,0.37037037037037035,0.020280778408050537,0.8941392772412445,0.9865056037902832,0.8
93,kazllm,kazdiv,5,5,1.0,True,0.4,0.25,0.2909090909090909,0.038381386548280716,0.9279204298133663,0.9723415851593018,1.0
93,llama,baseline,5,5,1.0,True,1.0,0.48484848484848486,0.5901639344262295,0.2059634029865265,0.6476362103821532,0.8833222389221191,1.0
93,llama,kazdiv,5,5,1.0,True,1.0,0.6304347826086957,0.926829268292683,0.19688773155212402,0.2595763036918887,0.8738934636116028,1.0
94,kazllm,baseline,5,5,1.0,True,0.6,0.2222222222222222,0.2857142857142857,0.005925798323005438,0.9411449192467009,0.9814351081848145,1.0
94,kazllm,kazdiv,5,5,1.0,True,0.8,0.32142857142857145,0.39215686274509803,0.03946300223469734,0.8564427065658444,0.9643869757652282,1.0
94,llama,baseline,5,5,1.0,True,1.0,0.6176470588235294,0.8571428571428571,0.13586518168449402,0.33332227831097727,0.9085867047309876,1.0
94,llama,kazdiv,5,5,1.0,True,1.0,0.4576271186440678,0.6851851851851852,0.0876476988196373,0.6112682545782308,0.9261988401412964,1.0
95,kazllm,baseline,5,5,1.0,True,1.0,0.3469387755102041,0.4772727272727273,0.05694036930799484,0.8056018395079937,0.9672869563102722,1.0
95,kazllm,kazdiv,5,5,1.0,True,1.0,0.3404255319148936,0.40476190476190477,0.10518048703670502,0.83845810972717,0.9330415010452271,1.0
95,llama,baseline,5,5,1.0,True,1.0,0.3333333333333333,0.4482758620689655,0.14368298649787903,0.6618198894178322,0.9157161593437195,1.0
95,llama,kazdiv,5,5,1.0,True,1.0,0.625,0.813953488372093,0.16801781952381134,0.40787298037884023,0.9040286660194397,1.0
96,kazllm,baseline,5,5,1.0,True,1.0,0.3728813559322034,0.5185185185185185,0.04560736566781998,0.7913058819372409,0.9697457313537597,0.8
96,kazllm,kazdiv,5,5,1.0,True,1.0,0.4166666666666667,0.5818181818181818,0.08797165006399155,0.7180827426846188,0.9328280329704285,1.0
96,llama,baseline,5,5,1.0,True,1.0,0.3875,0.5866666666666667,0.24722464382648468,0.6420646804497907,0.842711341381073,0.8
96,llama,kazdiv,5,5,1.0,True,1.0,0.5869565217391305,0.7804878048780488,0.1612740010023117,0.4684664381276127,0.8290702819824218,1.0
97,kazllm,baseline,5,5,1.0,True,0.8,0.39655172413793105,0.49056603773584906,0.07678399980068207,0.8118545804848984,0.9536175727844238,0.6
97,kazllm,kazdiv,5,5,1.0,True,1.0,0.3770491803278688,0.5357142857142857,0.11511951684951782,0.7552697645339952,0.9124158024787903,1.0
97,llama,baseline,5,5,1.0,True,1.0,0.23529411764705882,0.35,0.15216468274593353,0.810383973824842,0.9095970392227173,1.0
97,llama,kazdiv,5,5,1.0,True,1.0,0.4426229508196721,0.6607142857142857,0.18894192576408386,0.61238882911178,0.8815936088562012,1.0
98,kazllm,baseline,5,5,1.0,True,0.8,0.23728813559322035,0.25925925925925924,0.01627579890191555,0.9383994098483956,0.992010486125946,0.6
98,kazllm,kazdiv,5,5,1.0,True,0.6,0.23333333333333334,0.2909090909090909,0.028239136561751366,0.9632993161855452,0.984344744682312,1.0
98,llama,baseline,5,5,1.0,True,1.0,0.47297297297297297,0.6231884057971014,0.16629187762737274,0.6451692805499492,0.8837226033210754,1.0
98,llama,kazdiv,5,5,1.0,True,1.0,0.532258064516129,0.7543859649122807,0.12479837238788605,0.443772604515284,0.9203628063201904,1.0
99,kazllm,baseline,5,5,1.0,True,1.0,0.3188405797101449,0.40625,0.05225181579589844,0.8974976922349779,0.9642618060111999,0.8
99,kazllm,kazdiv,5,5,1.0,True,0.6,0.2857142857142857,0.3448275862068966,0.03785338252782822,0.8822936738809097,0.9715059995651245,1.0
99,llama,baseline,5,5,1.0,True,1.0,0.35714285714285715,0.47692307692307695,0.06724250316619873,0.7349770970376379,0.9595342397689819,1.0
99,llama,kazdiv,5,5,1.0,True,1.0,0.41333333333333333,0.5857142857142857,0.10271716117858887,0.6927859133060087,0.9309953093528748,1.0
100,kazllm,baseline,5,5,1.0,True,1.0,0.49019607843137253,0.6521739130434783,0.09442261606454849,0.5929035358815842,0.9473951578140258,1.0
100,kazllm,kazdiv,5,5,1.0,True,1.0,0.24074074074074073,0.3673469387755102,0.08832266181707382,0.897828393470751,0.9383653402328491,1.0
100,llama,baseline,5,5,1.0,True,1.0,0.3048780487804878,0.4935064935064935,0.152424618601799,0.5647481770819617,0.8981850266456604,0.8
100,llama,kazdiv,5,5,1.0,True,1.0,0.40350877192982454,0.6153846153846154,0.10744629055261612,0.6385750337866993,0.9409779191017151,1.0
