provider,metric,n_pairs,baseline_mean,kazdiv_mean,mean_difference_kazdiv_minus_baseline,bootstrap_95_ci_low,bootstrap_95_ci_high,permutation_p,holm_adjusted_p
kazllm,unique_rate,97,0.845360824742268,0.931958762886598,0.08659793814432988,0.04329896907216494,0.1319587628865979,0.00034998250087495624,0.001399930003499825
kazllm,distinct_1,97,0.35803077919817017,0.3767034264301248,0.018672647231954585,-0.00039192138133102024,0.037734037280728425,0.05794710264486776,0.05794710264486776
kazllm,distinct_2,97,0.47435906813278184,0.5234274230985019,0.049068354965719936,0.019595663783069883,0.07910490911510341,0.0015999200039998,0.0047997600119994
kazllm,semantic_diversity,97,0.0694886060388394,0.09393260745120417,0.024444001412364778,0.01404767170609647,0.034676382429753766,4.999750012499375e-05,0.00034998250087495624
kazllm,self_bleu,97,0.787226915814778,0.7473261362664123,-0.039900779548365725,-0.06772008971932476,-0.010537699089190835,0.0073496325183740815,0.014699265036748163
kazllm,mean_fidelity,97,0.9550953321850176,0.9341876308942578,-0.020907701290759834,-0.02848069955393211,-0.013347501674878219,4.999750012499375e-05,0.00034998250087495624
kazllm,quality_pass_rate,97,0.7278350515463917,1.0,0.2721649484536082,0.22268041237113403,0.3216494845360825,4.999750012499375e-05,0.00034998250087495624
llama,unique_rate,98,0.9775510204081633,1.0,0.022448979591836726,0.008163265306122448,0.040816326530612235,0.0035498225088745564,0.01064946752662367
llama,distinct_1,98,0.4192136445241099,0.5389291597313409,0.119715515207231,0.09164508234269672,0.14692280567021393,4.999750012499375e-05,0.00034998250087495624
llama,distinct_2,98,0.5718635495653384,0.7314449846349865,0.15958143506964828,0.12564015766937903,0.19493339947421912,4.999750012499375e-05,0.00034998250087495624
llama,semantic_diversity,98,0.17897210521053294,0.1720999063429784,-0.006872198867554568,-0.02033600884166603,0.0068514559246903774,0.3271336433178341,0.3271336433178341
llama,self_bleu,98,0.6137689557010284,0.4922970670920297,-0.12147188860899892,-0.1552090215051248,-0.08774915210175037,4.999750012499375e-05,0.00034998250087495624
llama,mean_fidelity,98,0.8722799287766828,0.88129500576428,0.009015076987597409,-0.001810415152992511,0.020267336806472466,0.11799410029498525,0.2359882005899705
llama,quality_pass_rate,98,0.7653061224489796,1.0,0.23469387755102042,0.19591836734693877,0.27346938775510204,4.999750012499375e-05,0.00034998250087495624
