source_id,method,repetition,seed,success,failure_stage,raw_response,input_tokens,output_tokens,total_tokens,latency_sec,final_question,final_answer,quality_pass,llm_calls,parsed_unique_candidates,quality_valid_candidates,n_semantic_clusters,semantic_duplicates_absorbed
1,baseline,1,3342012149.0,False,parsing,Сұрақ: Қалалық кітапханадағы жаңа оқу залында негізгі орын мен қосымша қызмет аймағында қанша орын бар?,914,71,985,1.972937881000007,,,False,,,,,
1,baseline,2,4252081672.0,False,parsing,"Сұрақ: Қалалық кітапханадағы оқу залында қанша негізгі орын және қосымша қызмет аймағы бар? Жауап: Негізгі орын 120, қосымша қызмет аймағы 18 компьютерден тұрады.",914,108,1022,1.6534272190001502,,,False,,,,,
1,baseline,3,3487785957.0,False,parsing,Сұрақ: Қалалық кітапханадағы оқу залында қанша негізгі орын және қосымша қызмет аймағы бар? Жауап: Қалалық кітапханада жаңа оқу залы ұйымдастырылды. Нысанда 120 орын негізгі орын және 18 компьютер қосымша қызмет аймағы бар.,914,145,1059,2.206201584999917,,,False,,,,,
1,baseline,4,2401167085.0,False,parsing,Сұрақ: Қалалық кітапхананың жаңа оқу залындағы орындардың жалпы саны қанша?,914,55,969,0.863143478999973,,,False,,,,,
1,baseline,5,90858651.0,False,parsing,Сұрақ: Қалалық кітапхананың жаңа оқу залында қанша негізгі орын және қосымша қызмет аймағында компьютерлер бар? Жауап: Қалалық кітапхананың жаңа оқу залында 120 негізгі орын және 18 компьютер қосымша қызмет аймағы бар.,914,142,1056,2.16210311299983,,,False,,,,,
10,baseline,1,2859904472.0,False,parsing,Сұрақ: Аудандық емханада алдын ала жазылу жүйесі қандай? Жауап: Нысанда үш жазылу арнасы негізгі орын және бір мобильді қосымша қосымша қызмет аймағы бар.,935,96,1031,1.4757846160000554,,,False,,,,,
10,baseline,2,141562130.0,False,parsing,Сұрақ: Қызмет көрсету кестесі қандай? Жауап: Қызмет көрсету кестесі: тәулік бойы онлайн.,935,62,997,0.9680062499999167,,,False,,,,,
10,baseline,3,1556423888.0,False,parsing,Сұрақ: Аудандық емхана қызметтеріне жазылу кезінде қандай талап бар?,935,42,977,0.6699784869999803,,,False,,,,,
10,baseline,4,3134075719.0,False,parsing,Сұрақ: Қызмет көрсету кестесі қандай? Жауап: Қызмет көрсету кестесі: тәулік бойы онлайн.,935,62,997,0.9680804499998885,,,False,,,,,
10,baseline,5,2438665410.0,False,parsing,Сұрақ: Аудандық емханада бірнеше қызмет аймағы бар ма?,935,37,972,0.5954149369999868,,,False,,,,,
100,baseline,1,532287498.0,False,parsing,"Сұрақ: Техникалық университеттегі студенттік стартаптар көрмесі өткен қандай салалардағы прототиптер таныстырылды? Жауап: Робототехника, білім, медицина және экология прототиптері таныстырылды.",870,98,968,1.503027209000038,,,False,,,,,
100,baseline,2,3372757246.0,False,parsing,Сұрақ: Студенттік стартаптар көрмесіне қатысқан командалар саны қанша болды? Жауап: 32 команда.,870,54,924,0.8472159210000427,,,False,,,,,
100,baseline,3,2324322993.0,False,parsing,Сұрақ: Техникалық университеттегі студенттік стартаптар көрмесі бойынша үшінші грантты кім жеңіп алды? Жауап: Мәтінде үш гранттың жеңімпаздары туралы айтылмаған.,870,95,965,1.4590224979999675,,,False,,,,,
100,baseline,4,2256506301.0,False,parsing,Сұрақ: Студенттік стартаптар көрмесі кезінде қанша команда және қанша грант жеңімпазы болды? Жауап: 32 команда және үш грант жеңімпазы болды.,870,84,954,1.29382204500007,,,False,,,,,
100,baseline,5,2414743905.0,False,parsing,Сұрақ: Техникалық университетте студенттік стартаптар көрмесіне қатысқан командалардың саны қанша болды? Жауап: 32 команда.,870,65,935,1.0112070119998862,,,False,,,,,
11,baseline,2,1364906622.0,False,parsing,Сұрақ: Жергілікті суретшілер көрмесі қалай ұйымдастырылды және қатысушылардың негізгі талабы қандай болды? Жауап: Шағын кофеханада жергілікті суретшілер көрмесі ұйымдастырылды. Нысанда 15 жұмыс негізгі орын және бес фотоға дейін өтінім қосымша қызмет аймағы бар. Қатысу ақысыз. Сатылымнан комиссия алынбайды. Қатысушыларға арналған негізгі талап: өтінім электрондық пошта арқылы беріледі. Қызмет туралы ақпарат тіркеу немесе ақпарат бөлімінде беріледі.,880,275,1155,4.1452578099999755,,,False,,,,,
11,baseline,3,2055138882.0,False,parsing,Сұрақ: Жергілікті суретшілер көрмесіне қатысушылар үшін өтінім беру тәртібі қандай? Жауап: Өтінім электрондық пошта арқылы беріледі.,880,87,967,1.3395295519999308,,,False,,,,,
11,baseline,4,3113018066.0,False,parsing,Сұрақ: Көрмеге қатысу үшін қандай негізгі талап қойылды және өтінім қалай жіберілді?,880,58,938,0.9071075780000228,,,False,,,,,
13,baseline,3,4033001887.0,False,parsing,Сұрақ: Қалалық мұражайда өлкетану экспозициясында қанша зат бар және қосымша қызмет аймағында қанша фотосурет бар? Жауап: Қалалық мұражайда өлкетану экспозициясында 260 зат негізгі орын және 90 фотосурет қосымша қызмет аймағы бар.,869,137,1006,2.0855019850000645,,,False,,,,,
13,baseline,4,538028815.0,False,parsing,Сұрақ: Қалалық мұражайда қандай аудиогидтер ұсынылады?,869,36,905,0.5794857070000035,,,False,,,,,
13,baseline,5,178158142.0,False,parsing,Сұрақ: Қалалық мұражайда өлкетану экспозициясында қанша зат негізгі орналасқан және қанша фотосурет қосымша қызмет аймағында? Жауап: Нысанда 260 зат негізгі орналасқан және 90 фотосурет қосымша қызмет аймағында.,869,129,998,1.9668207540000822,,,False,,,,,
14,baseline,1,3443878683.0,False,parsing,Сұрақ: Қала ауданындағы үй жануарларын серуендету алаңында қанша шаршы метр негізгі орын бар? Жауап: 1800 шаршы метр негізгі орын бар.,888,81,969,1.2496002749999207,,,False,,,,,
14,baseline,2,4139855621.0,False,parsing,Сұрақ: Қала ауданындағы үй жануарларын серуендету алаңының негізгі аумағы қанша шаршы метрді құрайды? Жауап: 1800 шаршы метр.,888,82,970,1.2648068359999343,,,False,,,,,
14,baseline,4,3538810740.0,False,parsing,Сұрақ: Үй жануарларын серуендету алаңындағы негізгі талап қандай?,888,44,932,0.6984680890000163,,,False,,,,,
14,baseline,5,3570391553.0,False,parsing,Сұрақ: Қала ауданындағы үй жануарларын серуендету алаңындағы негізгі орынның шаршы метрі қанша? Жауап: 1800 шаршы метр.,888,78,966,1.2056786749999446,,,False,,,,,
15,baseline,2,4059824716.0,False,parsing,Сұрақ: Тегін құқықтық кеңес пункті қандай күндерде жұмыс істейді және қызмет көрсету кестесі қандай уақытта қолданылады? Жауап: Қызмет көрсету кестесі: сейсенбі және бейсенбі 15:00-19:00.,927,128,1055,1.9528626540000005,,,False,,,,,
15,baseline,3,2564250188.0,False,parsing,Сұрақ: Құқықтық кеңес пункті қай күндерде жұмыс істейді?,927,46,973,0.7291604590000134,,,False,,,,,
15,baseline,4,2906348480.0,False,parsing,Сұрақ: Аудан орталығындағы тегін құқықтық кеңес пунктінің қызмет көрсету кестесі қандай? Жауап: Қызмет көрсету кестесі: сейсенбі және бейсенбі 15:00–19:00.,927,109,1036,1.6688238609999644,,,False,,,,,
15,baseline,5,1707687084.0,False,parsing,Сұрақ: Құқықтық кеңес пунктінің қызмет көрсету кестесі қандай? Жауап: Қызмет көрсету кестесі: сейсенбі және бейсенбі 15:00–19:00.,927,92,1019,1.4152476870001465,,,False,,,,,
16,baseline,1,654803600.0,False,parsing,Сұрақ: Қоғамдық орталықта цифрлық сауаттылық курсының негізгі көрсеткіштері қандай? Жауап: Қызметтің негізгі көрсеткіштері тоқсан сайын қайта қаралады.,914,107,1021,1.6385661599999821,,,False,,,,,
16,baseline,2,331728448.0,False,parsing,Сұрақ: Цифрлық сауаттылық курсы қандай қызметтерді ұсынады және қатысушылар үшін негізгі талап қандай? Жауап: Смартфон және электрондық қызметтер оқытылады. Қатысушыларға планшет қажет болса беріледі. Қатысушыларға арналған негізгі талап: курс егде жастағы тұрғындарға арналған.,914,178,1092,2.6985923689999254,,,False,,,,,
16,baseline,3,2693616008.0,False,parsing,Сұрақ: Қоғамдық орталықтағы цифрлық сауаттылық курсының негізгі орындағы төрт апта қанша адамдық топтан тұрады? Жауап: төрт апта негізгі орын және 14 адамдық топ қосымша қызмет аймағы бар.,914,130,1044,1.9822221330000502,,,False,,,,,
16,baseline,5,2351933557.0,False,parsing,Сұрақ: Қоғамдық орталықта цифрлық сауаттылық курсы бойынша қатысушыларға арналған негізгі талап қандай? Жауап: Курс егде жастағы тұрғындарға арналған.,914,106,1020,1.623586644999932,,,False,,,,,
17,baseline,1,2753180417.0,False,parsing,Сұрақ: Қалалық базарда азық-түлік қауіпсіздігі бақылауында қанша температура тексеруі бар және қызмет көрсету кестесі қандай? Жауап: Нысанда екі температура тексеруі бар және қызмет көрсету кестесі күн сайын.,911,123,1034,1.878712571000051,,,False,,,,,
17,baseline,2,1328630414.0,False,parsing,Сұрақ: Қалалық базарда азық-түлік қауіпсіздігі бақылауы қай жерде жүргізіледі және қаншалықты жиі? Жауап: Нысанда екі температура тексеруі негізгі орын және бір бақылау журналы қосымша қызмет аймағы бар. Қызмет көрсету кестесі: күн сайын.,911,154,1065,2.3402092610001546,,,False,,,,,
17,baseline,3,884871806.0,False,parsing,Сұрақ: Қалалық базардағы азық-түлік қауіпсіздігі бақылауының негізгі орындары қандай?,911,63,974,0.98312265200002,,,False,,,,,
18,baseline,2,890348591.0,False,parsing,Сұрақ: Көпқабатты үйдегі кітап алмасу жобасында қызмет көрсету кестесі қандай? Жауап: Қызмет көрсету кестесі тәулік бойы.,898,85,983,1.310062549000122,,,False,,,,,
18,baseline,3,2165349002.0,False,parsing,Сұрақ: Көпқабатты үйдегі кітап алмасу жобасында балалар әдебиетіне арналған жеке сөре бар ма? Жауап: «Балалар әдебиетіне жеке сөре бар».,898,92,990,1.4143353560002652,,,False,,,,,
18,baseline,4,1535861939.0,False,parsing,Сұрақ: Көпқабатты үйдегі кітап алмасу жобасының негізгі кітаптарды сақтау аймағының көлемі қанша? Жауап: Үш кітапқа дейін негізгі орын және екі бөлек сөре қосымша қызмет аймағы бар.,898,127,1025,1.9357439869995687,,,False,,,,,
18,baseline,5,2956809031.0,False,parsing,Сұрақ: Көпқабатты үйдегі кітап алмасу жобасындағы қызмет көрсету кестесі қандай? Жауап: тәулік бойы.,898,73,971,1.1312947360002,,,False,,,,,
19,baseline,1,2845176407.0,False,parsing,Сұрақ: Орталық саябақта отбасылық велошерудегі негізгі талаптар қандай?,872,44,916,0.6985219700000016,,,False,,,,,
19,baseline,2,786610357.0,False,parsing,Сұрақ: Орталық саябақта отбасылық велошеру кезінде қандай қосымша қызмет аймақтары бар? Жауап: екі су пункті,872,65,937,1.0118640949999644,,,False,,,,,
19,baseline,3,3272993969.0,False,parsing,Сұрақ: Орталық саябақтағы отбасылық велошеру кезінде қатысушыларға қандай негізгі талаптар қойылады? Жауап: Дулыға кию және онлайн тіркелу міндетті.,872,95,967,1.4583974809997926,,,False,,,,,
19,baseline,4,2748616417.0,False,parsing,Сұрақ: Орталық саябақта отбасылық велошерудің негізгі орындары мен қосымша қызмет аймақтарының ұзындығы қанша? Жауап: Нысанда 12 километр негізгі орын және екі су пункті қосымша қызмет аймағы бар.,872,124,996,1.8906166669999038,,,False,,,,,
19,baseline,5,955118407.0,False,parsing,Сұрақ: Орталық саябақта отбасылық велошеру қашан басталады және қандай негізгі талаптар бар?,872,55,927,0.8625065129999712,,,False,,,,,
2,baseline,1,845609709.0,False,parsing,"Сұрақ: Қала орталығындағы қоғамдық бақтың аумағы қанша? Жауап: Қала орталығындағы қоғамдық бақтың аумағы 2,5 гектар.",903,94,997,1.4433945799996764,,,False,,,,,
2,baseline,2,544144936.0,False,parsing,"Сұрақ: Қоғамдық бақтың негізгі орын және үш демалыс аймағының жалпы аумағы қанша? Жауап: 2,5 гектар.",903,75,978,1.1603823670002384,,,False,,,,,
2,baseline,4,3426913172.0,False,parsing,"Сұрақ: Қоғамдық бақтың негізгі орын аумағы қанша гектар және қанша демалыс аймағы бар? Жауап: Нысанның негізгі орын аумағы 2,5 гектар және үш демалыс аймағы бар.",903,108,1011,1.6535825529999784,,,False,,,,,
2,baseline,5,4126021527.0,False,parsing,Сұрақ: Қоғамдық бақтың негізгі талабы қандай?,903,36,939,0.5799058590000641,,,False,,,,,
20,baseline,1,449806233.0,False,parsing,"Сұрақ: Негізгі орында бір айлық қабылдау мерзімі қандай және қызмет көрсету кестесі қандай? Жауап: Негізгі орында бір айлық қабылдау мерзімі бар, ал қызмет көрсету кестесі бір ай болады.",933,117,1050,1.7881219050000254,,,False,,,,,
20,baseline,2,2481712616.0,False,parsing,Сұрақ: Аудандық әкімдікте қоғамдық кеңістік ұсыныстарын қабылдау қайда өтеді және қандай бөлімде өтінімдер қабылданады? Жауап: Қызмет туралы ақпарат тіркеу немесе ақпарат бөлімінде беріледі.,933,129,1062,1.9667131580004025,,,False,,,,,
20,baseline,3,3230283966.0,False,parsing,Сұрақ: Қоғамдық кеңістік ұсыныстарын қабылдаудың қызмет көрсету кестесі қандай? Жауап: Қызмет көрсету кестесі: бір ай бойы.,933,88,1021,1.3549578289998863,,,False,,,,,
20,baseline,5,3192493296.0,False,parsing,Сұрақ: Қоғамдық кеңістікке өтінім берудің негізгі талабы қандай?,933,47,980,0.7444909999999254,,,False,,,,,
21,baseline,1,2929384759.0,False,parsing,Сұрақ: Академиялық жазу орталығындағы сабақтар қашан өтеді? Жауап: Сабақтар жұмыс күндері 10:00–18:00.,842,77,919,1.188501978000204,,,False,,,,,
21,baseline,2,3396001264.0,False,parsing,Сұрақ: Академиялық жазу орталығының ұзақтығы қанша және сабақтар қай уақытта өтеді? Жауап: Бағдарламаның ұзақтығы бір семестр. Сабақтар жұмыс күндері 10:00–18:00.,842,122,964,1.8585475899999437,,,False,,,,,
21,baseline,3,3333473.0,False,parsing,"Сұрақ: Академиялық жазу орталығының бағдарламасының ұзақтығы қандай? Жауап: ""Бағдарламаның ұзақтығы бір семестр.""",842,84,926,1.2934047460003057,,,False,,,,,
21,baseline,4,510240998.0,False,parsing,Сұрақ: Академиялық жазу орталығының бағдарламасының ұзақтығы қандай және сабақтар қай кезде өтеді? Жауап: Бағдарламаның ұзақтығы бір семестр. Сабақтар жұмыс күндері 10:00–18:00.,842,130,972,1.9776936960001876,,,False,,,,,
21,baseline,5,942329060.0,False,parsing,Сұрақ: Академиялық жазу орталығының бағдарламасы қанша уақытқа созылады? Жауап: Бағдарламаның ұзақтығы бір семестр.,842,84,926,1.29375184599985,,,False,,,,,
22,baseline,2,2396910294.0,False,parsing,Сұрақ: Робототехника үйірмесі қанша уақытқа созылады және сабақтар қаншалықты жиі өткізіледі?,824,67,891,1.037457712000105,,,False,,,,,
22,baseline,5,4256602285.0,False,parsing,Сұрақ: Робототехника үйірмесі барысында қатысушылар қандай жобаны орындайды? Жауап: Сызық бойымен жүретін робот жасайды.,824,69,893,1.0672188610001285,,,False,,,,,
23,baseline,1,4289992502.0,False,parsing,Сұрақ: Өндірістік тәжірибеге дайындық бағдарламасының ұзақтығы қанша? Жауап: Бағдарламаның ұзақтығы алты апта.,849,85,934,1.3082740230001946,,,False,,,,,
23,baseline,2,3390049537.0,False,parsing,Сұрақ: Өндірістік тәжірибеге дайындық бағдарламасының ұзақтығы қанша? Жауап: Бағдарламаның ұзақтығы алты апта.,849,84,933,1.2931231030001982,,,False,,,,,
23,baseline,3,4098123107.0,False,parsing,Сұрақ: Өндірістік тәжірибеге дайындық бағдарламасының ұзақтығы қанша апта? Жауап: Бағдарламаның ұзақтығы алты апта.,849,88,937,1.3531003739999505,,,False,,,,,
23,baseline,4,1397496881.0,False,parsing,Сұрақ: Өндірістік тәжірибеге дайындық бағдарламасының ұзақтығы қанша уақытты алады? Жауап: Бағдарламаның ұзақтығы алты апта.,849,95,944,1.4577106740002819,,,False,,,,,
23,baseline,5,2079230697.0,False,parsing,Сұрақ: Өндірістік тәжірибеге дайындық бағдарламасының ұзақтығы қандай? Жауап: Бағдарламаның ұзақтығы алты апта.,849,85,934,1.3083070329998918,,,False,,,,,
24,baseline,1,3746958215.0,False,parsing,Сұрақ: Оқу сауаттылығы жобасында қатысушылар қандай кітап түрін оқиды және 40 минуттық пікірталас жүргізеді?,846,74,920,1.1434000919998653,,,False,,,,,
24,baseline,3,605088819.0,False,parsing,Сұрақ: Оқу сауаттылығы жобасының ұзақтығы қанша уақытқа созылады? Жауап: Бағдарламаның ұзақтығы бір тоқсан.,846,86,932,1.3224846529997194,,,False,,,,,
24,baseline,4,2813168423.0,False,parsing,"Сұрақ: ""Оқу сауаттылығы жобасының ұзақтығы қандай және қатысушылар ай сайын қандай кітаптар оқиды?"" Жауап: ""Оқу сауаттылығы жобасының ұзақтығы бір тоқсан. Қатысушылар көркем немесе ғылыми-көпшілік кітап оқиды.""",846,151,997,2.290792582999984,,,False,,,,,
24,baseline,5,3570577672.0,False,parsing,Сұрақ: Оқу сауаттылығы жобасының сабақтарында қатысушылар қандай кітаптар оқиды және қанша уақыт пікірталас жүргізеді? Жауап: Қатысушылар көркем немесе ғылыми-көпшілік кітап оқиды. Олар 40 минуттық пікірталас жүргізеді.,846,146,992,2.2179621330001282,,,False,,,,,
25,baseline,2,2506134583.0,False,parsing,Сұрақ: Зертханалық қауіпсіздік бағдарламасының ұзақтығы қанша? Жауап: Бағдарламаның ұзақтығы бір семестр.,837,79,916,1.2193458120000287,,,False,,,,,
25,baseline,4,2770470300.0,False,parsing,Сұрақ: Зертханалық қауіпсіздік бағдарламасының ұзақтығы қанша және қатысушылар қандай тест тапсырады? Жауап: Зертханалық қауіпсіздік бағдарламасының ұзақтығы бір семестр. Қатысушылар онлайн тест тапсырады.,837,135,972,2.053109449999738,,,False,,,,,
26,baseline,1,3736586523.0,False,parsing,Сұрақ: Математикадан қолдау бағдарламасы қанша аптаға созылады және сабақтар қай күндерде өтеді? Жауап: Математикадан қолдау бағдарламасы сегіз аптаға созылады. Сабақтар дүйсенбі және сәрсенбі күндері өтеді.,850,137,987,2.0843431299999793,,,False,,,,,
26,baseline,2,2205011832.0,False,parsing,Сұрақ: Математикадан қолдау бағдарламасының ұзақтығы қанша апта және сабақтар қанша уақытқа созылады?,850,72,922,1.114829211000142,,,False,,,,,
26,baseline,3,2037626966.0,False,parsing,Сұрақ: Математикадан қолдау бағдарламасы қанша аптаға созылады? Жауап: Бағдарламаның ұзақтығы сегіз апта.,850,71,921,1.0999366909995842,,,False,,,,,
26,baseline,5,693051941.0,False,parsing,Сұрақ: Математикадан қолдау бағдарламасының ұзақтығы қанша және ол қашан өтеді? Жауап: Бағдарламаның ұзақтығы сегіз апта. Сабақтар дүйсенбі және сәрсенбі күндері өтеді.,850,124,974,1.8893945989998429,,,False,,,,,
27,baseline,1,3242526558.0,False,parsing,Сұрақ: Онлайн курс әзірлеу семинарының жұмыс тәсілі қандай?,831,41,872,0.6523338759998296,,,False,,,,,
27,baseline,2,672506125.0,False,parsing,Сұрақ: Онлайн курс әзірлеу семинарының ұзақтығы қанша?,831,40,871,0.6369259359998978,,,False,,,,,
27,baseline,3,2316394554.0,False,parsing,Сұрақ: Онлайн курс әзірлеу семинарының ұзақтығы қанша күн? Жауап: Бағдарламаның ұзақтығы екі күн.,831,75,906,1.158200472000317,,,False,,,,,
27,baseline,4,859303907.0,False,parsing,Сұрақ: Онлайн курс әзірлеу семинарында қатысушылар қандай тапсырманы орындайды? Жауап: Қатысушылар қысқа бейнедәріс дайындайды.,831,80,911,1.2321896020002896,,,False,,,,,
27,baseline,5,2716048902.0,False,parsing,Сұрақ: Онлайн курс әзірлеу семинарының ұзақтығы қанша уақытты алады? Жауап: Бағдарламаның ұзақтығы екі күн.,831,80,911,1.231504551999933,,,False,,,,,
28,baseline,1,2516539640.0,False,parsing,Сұрақ: Ғылыми жоба консультациясында қатысушылар не істейді?,827,33,860,0.5326762750000853,,,False,,,,,
28,baseline,2,1025545873.0,False,parsing,Сұрақ: Ғылыми жоба консультациясының ұзақтығы қандай және нәтижені бағалау тәсілі қандай?,827,59,886,0.9184065490003377,,,False,,,,,
28,baseline,4,2817980509.0,False,parsing,Сұрақ: Ғылыми жоба консультациясы бойынша сабақтардың жиілігі мен ұзақтығы қандай? Жауап: Сабақтар әр сәрсенбі 15:00–17:00.,827,81,908,1.2468856119999145,,,False,,,,,
28,baseline,5,2608875712.0,False,parsing,"Сұрақ: Ғылыми жоба консультациясына қатысу ұзақтығы қандай? Жауап: ""Бағдарламаның ұзақтығы оқу жылы.""",827,70,897,1.0820250800002214,,,False,,,,,
29,baseline,1,1940820740.0,False,parsing,Сұрақ: Кәсіби терминология тіл клубының бағдарламасының ұзақтығы қанша? Жауап: Бағдарламаның ұзақтығы бір семестр.,807,78,885,1.201866242000051,,,False,,,,,
29,baseline,2,524377116.0,False,parsing,Сұрақ: Кәсіби терминология тіл клубының бағдарламасының ұзақтығы қандай? Жауап: Бағдарламаның ұзақтығы бір семестр.,807,78,885,1.2024769720001132,,,False,,,,,
29,baseline,3,3259048550.0,False,parsing,Сұрақ: Кәсіби терминология тіл клубында аптасына қанша сабақ өтеді? Жауап: Сабақтар аптасына бір рет өткізіледі.,807,73,880,1.1275076110000555,,,False,,,,,
29,baseline,5,3175053743.0,False,parsing,Сұрақ: Бағдарлама аяқталғаннан кейін ұйымдастырушылар не істейді?,807,44,851,0.6959543769999073,,,False,,,,,
3,baseline,1,3839997842.0,False,parsing,"Сұрақ: Қолөнер орталығында қандай шеберханалар бар және олар аптасына қанша рет өтеді? Жауап: Қолөнер орталығында үш шеберхана бар, керамика және ағаш өңдеу сабақтары аптасына екі рет өтеді.",931,129,1060,1.968095299000197,,,False,,,,,
3,baseline,2,1923363873.0,False,parsing,Сұрақ: Аудандық мәдениет үйінде қолөнер орталығы қандай қызмет көрсетеді? Жауап: Керамика және ағаш өңдеу сабақтары.,931,86,1017,1.3261682410002322,,,False,,,,,
3,baseline,3,3482278449.0,False,parsing,"""Айдың соңғы жұмасында қолөнер орталығында қандай іс-шара өтеді?""",931,50,981,0.7894047479999244,,,False,,,,,
3,baseline,4,3167568674.0,False,parsing,Сұрақ: Қолөнер орталығының керамика және ағаш өңдеу сабақтары қаншалықты жиі өтеді? Жауап: Қызмет көрсету кестесі аптасына екі рет.,931,96,1027,1.4748201540000991,,,False,,,,,
30,baseline,1,2718773994.0,False,parsing,Сұрақ: Деректерді талдау бойынша курстың ұзақтығы қанша? Жауап: Бағдарламаның ұзақтығы бес апта.,831,67,898,1.0388073539998004,,,False,,,,,
30,baseline,2,94674613.0,False,parsing,Сұрақ: Деректерді талдау курсының ұзақтығы қандай? Жауап: Бағдарламаның ұзақтығы бес апта.,831,64,895,0.9938433830002396,,,False,,,,,
30,baseline,5,2520753501.0,False,parsing,Сұрақ: Деректерді талдау курсының ұзақтығы қанша апта? Жауап: Деректерді талдау курсының ұзақтығы бес апта.,831,70,901,1.0835059549999642,,,False,,,,,
31,baseline,2,502778312.0,False,parsing,Сұрақ: Цифрлық күнделік жүйесіне қатысу және оқу нәтижелері бойынша қысқа қорытынды жасағаннан кейін ұйымдастырушылар не істейді?,854,88,942,1.3533881900002598,,,False,,,,,
31,baseline,3,3809441180.0,False,parsing,"Сұрақ: Цифрлық күнделік жүйесі арқылы қатысушылар қандай ақпаратты көре алады және жүйеге мобильді және веб-нұсқалар арқылы қалай қол жеткізуге болады? Жауап: Қатысушылар сабақ кестесі мен бағаларды көре алады, сондай-ақ үй тапсырмасы мен хабарламаларды бақылайды. Жүйеге мобильді және веб-нұсқалар арқылы кіруге болады.",854,210,1064,3.1766214330000366,,,False,,,,,
31,baseline,4,2672092933.0,False,parsing,Сұрақ: Цифрлық күнделік жүйесі арқылы қатысушыларға қандай ақпарат қолжетімді?,854,57,911,0.8926015710003412,,,False,,,,,
31,baseline,5,4188701628.0,False,parsing,Сұрақ: Цифрлық күнделік жүйесі қандай қатысушылар үшін іске қосылды? Жауап: Ата-аналар мен оқушылар.,854,68,922,1.0555297640003118,,,False,,,,,
32,baseline,1,1705240817.0,False,parsing,"Сұрақ: Бағдарламаның ұзақтығы қанша және қатысушылар не істейді? Жауап: ""Бағдарламаның ұзақтығы үш күн. Қатысушылар зерттеу сұрағын құрастырады.""",847,109,956,1.6655908789998648,,,False,,,,,
32,baseline,2,3048820125.0,False,parsing,Сұрақ: Зерттеу әдістемесі бағдарламасының ұзақтығы қандай? Жауап: Бағдарламаның ұзақтығы үш күн.,847,77,924,1.1889036869997653,,,False,,,,,
32,baseline,3,684803988.0,False,parsing,Сұрақ: Бағдарлама қанша күнге созылады және қатысушылар не істейді?,847,46,893,0.7278460559996347,,,False,,,,,
32,baseline,5,2488250141.0,False,parsing,Сұрақ: Зерттеу әдістемесі бағдарламасының ұзақтығы қанша күн? Жауап: Бағдарламаның ұзақтығы үш күн.,847,81,928,1.2489731390000998,,,False,,,,,
33,baseline,1,2270355197.0,False,parsing,Сұрақ: Әрбір қатысушының кешігіп келуіне қатысты не істеу керек? Жауап: Үш себепсіз кешігуден кейін ата-анамен байланысады.,855,77,932,1.1903885570000057,,,False,,,,,
33,baseline,2,2212603141.0,False,parsing,Сұрақ: Кешігуді азайту пилотының ұзақтығы қанша? Жауап: Бағдарламаның ұзақтығы бір тоқсан.,855,69,924,1.0708214249998491,,,False,,,,,
33,baseline,3,1700899127.0,False,parsing,Сұрақ: Кешігу пилотының үш себепсіз кешігуден кейін ата-анамен байланысудың мақсаты қандай? Жауап: Кешігу пилотының үш себепсіз кешігуден кейін ата-анамен байланысудың мақсаты – кешігу мәселесін шешу.,855,122,977,1.860988602999896,,,False,,,,,
33,baseline,4,3091700094.0,False,parsing,"Сұрақ: Кешігуді азайту пилотының ұзақтығы қандай және сабақтар қашан басталады? Жауап: Кешігуді азайту пилотының ұзақтығы бір тоқсан, ал сабақтар 08:30-да басталады.",855,112,967,1.7119810690001032,,,False,,,,,
33,baseline,5,1561707564.0,False,parsing,Сұрақ: Пилоттық бағдарламаның ұзақтығы қандай? Жауап: Бағдарламаның ұзақтығы бір тоқсан.,855,69,924,1.0707369849997121,,,False,,,,,
34,baseline,1,179170337.0,False,parsing,Сұрақ: Ғылыми дерекқорлар тренингінің ұзақтығы қанша? Жауап: Бағдарламаның ұзақтығы 90 минут.,832,68,900,1.0533972940002059,,,False,,,,,
34,baseline,2,2313824819.0,False,parsing,Сұрақ: Ғылыми дерекқорлар тренингінің ұзақтығы қанша уақытты алады? Жауап: Бағдарламаның ұзақтығы 90 минут.,832,77,909,1.1876060079998751,,,False,,,,,
34,baseline,3,2183748401.0,False,parsing,Сұрақ: Ғылыми дерекқорлар тренингінің ұзақтығы қандай және оның нәтижесін бағалау қалай жүзеге асырылады? Жауап: Ғылыми дерекқорлар тренингінің ұзақтығы 90 минут. Нәтижені бағалау тәсілі: тәжірибелік іздеу тапсырмасы.,832,147,979,2.230577361000087,,,False,,,,,
34,baseline,5,3986644675.0,False,parsing,Сұрақ: Қатысушылар кілт сөз және логикалық оператор қолданады ма және олар қандай әрекетті үйренеді?,832,64,896,0.9937761310002315,,,False,,,,,
35,baseline,1,3428338175.0,False,parsing,Сұрақ: Олимпиада дайындығының ұзақтығы қандай? Жауап: Бағдарламаның ұзақтығы бір оқу жылы.,840,71,911,1.0999060829999507,,,False,,,,,
35,baseline,2,1244460004.0,False,parsing,Сұрақ: Олимпиада дайындығы бағдарламасының ұзақтығы қанша?,840,45,885,0.7126815480000914,,,False,,,,,
35,baseline,3,3935723097.0,False,parsing,Сұрақ: Олимпиада дайындығының ұзақтығы қанша уақытқа созылады? Жауап: Бағдарламаның ұзақтығы бір оқу жылы.,840,83,923,1.27865769500022,,,False,,,,,
35,baseline,4,844014144.0,False,parsing,Сұрақ: Олимпиада дайындығының ұзақтығы қандай және сабақтар қаншалықты жиі өткізіледі? Жауап: Бағдарламаның ұзақтығы бір оқу жылы. Сабақтар аптасына екі рет өткізіледі.,840,126,966,1.9196154629999,,,False,,,,,
35,baseline,5,3902579005.0,False,parsing,Сұрақ: Олимпиада дайындығы бағдарламасының ұзақтығы қандай және оқу материалдары қалай беріледі? Жауап: Олимпиада дайындығы бағдарламасының ұзақтығы бір оқу жылы. Оқу материалдары қатысушыларға электрондық форматта беріледі.,840,145,985,2.202536276000046,,,False,,,,,
36,baseline,1,1369418942.0,False,parsing,"Сұрақ: Шеберхана жабдығын брондау жүйесі арқылы қатысушылар нені брондайды және қандай уақыт шеңберінде? Жауап: Станок пен өлшеу құралын брондайды, бір брондау ең көбі екі сағат.",839,115,954,1.7573074909996649,,,False,,,,,
36,baseline,2,32280665.0,False,parsing,Сұрақ: Бағдарлама кезінде қатысушылар станок пен өлшеу құралын брондайтын қандай жүйе іске қосылды? Жауап: Шеберхана жабдығын брондау жүйесі іске қосылды.,839,99,938,1.5186202580002828,,,False,,,,,
36,baseline,3,3089931363.0,False,parsing,Сұрақ: Шеберхана жабдығын брондау жүйесі бойынша пайдалану есебі қандай тәсілмен бағаланады? Жауап: Нәтижені бағалау тәсілі: пайдалану есебі.,839,91,930,1.3987226969998119,,,False,,,,,
36,baseline,4,785932744.0,False,parsing,Сұрақ: Шеберхана жабдығын брондау жүйесінің әрбір қатысушысы үшін ең көп уақыт қанша? Жауап: Бір брондау ең көбі екі сағат.,839,91,930,1.3985726169998998,,,False,,,,,
36,baseline,5,3166978700.0,False,parsing,Сұрақ: Шеберхана жабдығын брондау жүйесі қандай нәтижелерді бағалайды? Жауап: Нәтижені бағалау тәсілі: пайдалану есебі.,839,79,918,1.2197272939997674,,,False,,,,,
37,baseline,1,3921729414.0,False,parsing,Сұрақ: Академиялық ұтқырлық бағдарламасына қатысушылар қандай құжаттарды тапсыруы керек? Жауап: Қатысушылар мотивациялық хат пен транскрипт тапсырады.,841,93,934,1.4279987770000844,,,False,,,,,
37,baseline,2,15428263.0,False,parsing,Сұрақ: Академиялық ұтқырлық бағдарламасының ұзақтығы қанша? Жауап: Бағдарламаның ұзақтығы бір семестр.,841,81,922,1.2493644249998397,,,False,,,,,
37,baseline,5,2353666800.0,False,parsing,Сұрақ: Академиялық ұтқырлық бағдарламасының ұзақтығы қанша? Жауап: Бағдарламаның ұзақтығы бір семестр.,841,81,922,1.2481688249999934,,,False,,,,,
38,baseline,1,4217029364.0,False,parsing,Сұрақ: Презентация дағдысы жобасына қатысушылардың әр уақытта қанша минуттық баяндама жасауы қажет?,843,63,906,0.9806507419998525,,,False,,,,,
38,baseline,2,2426341623.0,False,parsing,"Сұрақ: Презентация дағдысы жобасындағы қатысушылар қандай нәтижені бағалау тәсілін пайдаланады? Жауап: мазмұн, уақыт және сұраққа жауап.",843,94,937,1.441956576999928,,,False,,,,,
38,baseline,4,2654993630.0,False,parsing,Сұрақ: Презентация дағдысы жобасының ұзақтығы қанша? Жауап: Бағдарламаның ұзақтығы бір тоқсан.,843,69,912,1.069388753000112,,,False,,,,,
38,baseline,5,3758170156.0,False,parsing,Сұрақ: «Презентация дағдысы» жобасының ұзақтығы қандай? Жауап: Бағдарламаның ұзақтығы бір тоқсан.,843,72,915,1.1148089639996215,,,False,,,,,
39,baseline,1,1453379623.0,False,parsing,Сұрақ: Бейімделу бағдарламасында қатысушылар тәлімгермен апталық кездесу өткізеді ме? Жауап: Әр топқа жоғары курс студенті тәлімгер болады.,853,92,945,1.4132015870000032,,,False,,,,,
39,baseline,2,2669544784.0,False,parsing,Сұрақ: Бірінші курсқа бейімделу бағдарламасы қанша уақытқа созылады? Жауап: Бағдарламаның ұзақтығы екі апта.,853,75,928,1.1596889739994367,,,False,,,,,
39,baseline,3,458779952.0,False,parsing,Сұрақ: Бірінші курсқа бейімделу бағдарламасының ұзақтығы қандай? Жауап: Бағдарламаның ұзақтығы екі апта.,853,75,928,1.1597326440005418,,,False,,,,,
39,baseline,4,3413982514.0,False,parsing,Сұрақ: Бірінші курсқа бейімделу бағдарламасының ұзақтығы қанша уақытқа созылады? Жауап: Бағдарламаның ұзақтығы екі апта.,853,87,940,1.3384422360004464,,,False,,,,,
39,baseline,5,1816632431.0,False,parsing,Сұрақ: Бірінші курсқа бейімделу бағдарламасының ұзақтығы қанша?,853,46,899,0.7275945590008632,,,False,,,,,
4,baseline,1,3922235006.0,False,parsing,Сұрақ: Қалдықтарды бөлу жүйесінің қызмет көрсету кестесі қандай? Жауап: Қызмет көрсету кестесі: күн сайын қолжетімді. Қағаз аптасына үш рет шығарылады. Пластик пен шыны аптасына екі рет шығарылады.,931,135,1066,2.057010753999748,,,False,,,,,
4,baseline,2,2545018664.0,False,parsing,Сұрақ: Тұрғын үй кешенінде қалдықтарды бөлек жинау жүйесі бойынша қызмет көрсету кестесі қандай? Жауап: Қызмет көрсету кестесі: күн сайын қолжетімді. Қағаз аптасына үш рет шығарылады. Пластик пен шыны аптасына екі рет шығарылады.,931,155,1086,2.354483058000369,,,False,,,,,
4,baseline,3,615444382.0,False,parsing,Сұрақ: Тұрғын үй кешеніндегі қалдықтарды бөлек жинау жүйесінде қандай төрт негізгі контейнер түрі бар?,931,70,1001,1.0865733319997162,,,False,,,,,
4,baseline,4,1898702970.0,False,parsing,Сұрақ: Тұрғын үй кешеніндегі қалдықтарды бөлек жинау жүйесі қандай тәртіппен жұмыс істейді? Жауап: Нысанда төрт контейнер түрі негізгі орын және бір арнайы батарея жәшігі қосымша қызмет аймағы бар. Қызмет көрсету кестесі: күн сайын қолжетімді. Қағаз аптасына үш рет шығарылады. Пластик пен шыны аптасына екі рет шығарылады. Қатысушыларға арналған негізгі талап: ірі қалдықтар айдың бірінші сенбісінде қабылданады.,931,268,1199,4.036233615000128,,,False,,,,,
4,baseline,5,4143519315.0,False,parsing,Сұрақ: Тұрғын үй кешенінде қалдықтарды бөлек жинау жүйесі қандай төрт контейнер түрі бар? Жауап: Негізгі орын және қосымша қызмет аймағы бар төрт контейнер түрі бар.,931,111,1042,1.6980747269999483,,,False,,,,,
40,baseline,1,571323298.0,False,parsing,Сұрақ: Асхана ақпараттық жүйесі қалай бағаланады? Жауап: Ай сайынғы ата-ана сауалнамасы арқылы бағаланады.,856,75,931,1.1600809949995892,,,False,,,,,
40,baseline,2,1457548190.0,False,parsing,Сұрақ: Асхана ақпараттық жүйесі бағдарламасының ұзақтығы қандай? Жауап: Бағдарламаның ұзақтығы оқу жылы.,856,83,939,1.2793543580000915,,,False,,,,,
40,baseline,3,2227451847.0,False,parsing,Сұрақ: Асхана ақпарат жүйесінің нәтижесін бағалау қалай жүзеге асырылады? Жауап: Нәтижені бағалау тәсілі: ай сайынғы ата-ана сауалнамасы.,856,96,952,1.4727963719997206,,,False,,,,,
40,baseline,4,2526427827.0,False,parsing,Сұрақ: Мектеп оқушылары мен ата-аналар үшін асхана ақпарат жүйесі қандай нәтижелерді бағалайды?,856,62,918,0.9661949609999283,,,False,,,,,
41,baseline,1,3144420835.0,False,parsing,сұрақ: Қалалық ауа сапасын зерттеуге қандай негізгі өлшемдер қолданылды?,908,48,956,0.7591890059993602,,,False,,,,,
41,baseline,2,3922093069.0,False,parsing,"Сұрақ: Қалалық ауа сапасын зерттеуде зерттеуге қанша өлшеу нүктесі енгізілді және олар қалай бөлінді? Жауап: Зерттеуге 60 өлшеу нүктесі енгізілді, олар бес бақылау аймағына бөлінді.",908,123,1031,1.878658689999611,,,False,,,,,
41,baseline,3,1962945046.0,False,parsing,"Сұрақ: Зерттеуде қандай негізгі өлшемдер анықталды? Жауап: Ұсақ бөлшектер концентрациясы, температура және ылғалдылық.",908,70,978,1.0871628530003363,,,False,,,,,
41,baseline,4,3681204680.0,False,parsing,"Сұрақ: Қалалық ауа сапасын зерттеуде ұсақ бөлшектер концентрациясын өлшеу және салыстыру үшін қандай өлшемдер қолданылды? Жауап: Негізгі өлшемдердің бірі ұсақ бөлшектер концентрациясы, ал екіншісі температура мен ылғалдылық болды.",908,135,1043,2.0557856849991367,,,False,,,,,
42,baseline,1,312587904.0,False,parsing,Сұрақ: Өсімдіктер биіктігіне жарық ұзақтығының әсерін қандай топтарда байқады? Жауап: «Бақылауда 12 және 16 сағаттық топтар арасында өсу айырмашылығы байқалды».,908,114,1022,1.7430370080001012,,,False,,,,,
42,baseline,2,1193665117.0,False,parsing,Сұрақ: Зерттеуге қанша өсімдік қосылды және олар қанша топқа бөлінді? Жауап: Зерттеуге 60 өсімдік қосылды және олар үш топқа бөлінді.,908,92,1000,1.4148864210001193,,,False,,,,,
42,baseline,3,433680621.0,False,parsing,"""Өсімдіктердің биіктігі мен жапырақ санының жарық ұзақтығына қатысты қандай өзгерістерін байқадыңыз?""",908,69,977,1.0722271139993609,,,False,,,,,
42,baseline,4,2179003471.0,False,parsing,Сұрақ: Зерттеу барысында қай топтардың арасында өсімдіктердің өсуінің айырмашылығы байқалды? Жауап: 12 және 16 сағаттық топтар арасында өсу айырмашылығы байқалды.,908,116,1024,1.7722261390008498,,,False,,,,,
42,baseline,5,880065350.0,False,parsing,Сұрақ: Бақылау кезеңі қандай болды? Жауап: Бақылау кезеңі 30 күн болды.,908,55,963,0.8631889790003697,,,False,,,,,
43,baseline,1,2901690305.0,False,parsing,"Сұрақ: Салыстыру барысында қандай негізгі өлшемдер өлшенді және қандай құрылғылар бойынша өлшенді? Жауап: Негізгі өлшемдердің бірі жүрек соғу жиілігі, ал екіншісі абсолюттік қате. Тәжірибеде екі құрылғы бойынша өлшенді.",913,147,1060,2.2346938179998688,,,False,,,,,
43,baseline,2,1546968293.0,False,parsing,Сұрақ: Зерттеуде қандай негізгі өлшемдер өлшенді? Жауап: Зерттеуде өлшенген негізгі өлшемдер жүрек соғу жиілігі және абсолютті қате болды.,913,87,1000,1.339907499000219,,,False,,,,,
43,baseline,3,3326205386.0,False,parsing,"Сұрақ: Зерттеуде қандай негізгі өлшемдер өлшенді? Жауап: Негізгі өлшемдердің бірі жүрек соғу жиілігі, ал екіншісі абсолюттік қате.",913,83,996,1.2813305580002634,,,False,,,,,
43,baseline,4,1264661845.0,False,parsing,Сұрақ: Зерттеу бақылау кезеңінде қандай құрылғыларды салыстырды және қандай негізгі өлшемдер өлшенді? Жауап: Зерттеу жүрек соғу жиілігін және абсолютті қатені өлшейтін екі құрылғыны салыстырды.,913,128,1041,1.9515701720001744,,,False,,,,,
43,baseline,5,967187720.0,False,parsing,Сұрақ: Зерттеуге қанша ересек ерікті қатысты?,913,29,942,0.47603911999976845,,,False,,,,,
44,baseline,1,3974949648.0,False,parsing,Сұрақ: Зерттеу кезінде бақылауда төменгі бөлікте нитрат деңгейінің жоғары болуының себебі неде? Жауап: Бақылауда төменгі бөлікте нитрат деңгейі жоғары болды.,887,106,993,1.6238812750007128,,,False,,,,,
44,baseline,2,1693625822.0,False,parsing,Сұрақ: Өзен суының сапасы бойынша зерттеуде қандай негізгі өлшемдер өлшенді?,887,53,940,0.8342622680002023,,,False,,,,,
44,baseline,3,768140902.0,False,parsing,"Сұрақ: Өзен суының сапасын зерттеуге қандай негізгі өлшемдер қолданылды? Жауап: Бақылау кезеңі үш маусым. Негізгі өлшемдердің бірі нитрат мөлшері, ал екіншісі рН және еріген оттегі.",887,120,1007,1.8322332089992415,,,False,,,,,
44,baseline,4,3743031112.0,False,parsing,Сұрақ: Өзен суының сапасын зерттеуде бақылау кезеңі қанша маусым болды?,887,50,937,0.7886442170001828,,,False,,,,,
44,baseline,5,2922681162.0,False,parsing,"Сұрақ: Зерттеу барысында бақылау кезеңі қанша маусым болды және негізгі өлшемдер қандай болды? Жауап: Бақылау кезеңі үш маусым, ал негізгі өлшемдер нитрат мөлшері, рН және еріген оттегі болды.",887,121,1008,1.8468137300005765,,,False,,,,,
45,baseline,1,4293451507.0,False,parsing,Сұрақ: Бақылау кезеңі қанша уақытқа созылды? Жауап: Бақылау кезеңі 14 күн.,895,62,957,0.9661507710006845,,,False,,,,,
45,baseline,2,4154470712.0,False,parsing,Сұрақ: Металл қаптамаларының коррозияға төзімділігі бойынша зерттеуде бақылау кезеңі қанша уақытқа созылды және сақтау үшін қолданылатын тұзды ерітіндінің түрін қандай болды? Жауап: Бақылау кезеңі 14 күн қамтылды және барлық үлгілер бірдей тұзды ерітіндіде сақталды.,895,185,1080,2.803462361000129,,,False,,,,,
45,baseline,3,3136062064.0,False,parsing,Сұрақ: Бақылау кезеңі қанша уақытты құрады? Жауап: Бақылау кезеңі 14 күн.,895,63,958,0.9810685319998811,,,False,,,,,
45,baseline,4,932264121.0,False,parsing,"Сұрақ: Қандай негізгі өлшемдер металл қаптамаларының коррозияға төзімділігін бақылау үшін қолданылды? Жауап: Негізгі өлшемдердің бірі масса өзгерісі, ал екіншісі беткі зақым деңгейі.",895,118,1013,1.8011082689999967,,,False,,,,,
45,baseline,5,2929514391.0,False,parsing,Сұрақ: Металл үлгілерінің төрт тобы қандай болды және олар қалай бөлінді? Жауап: Металл үлгілері төрт топқа бөлінді.,895,79,974,1.219758535999972,,,False,,,,,
46,baseline,1,1832149666.0,False,parsing,Сұрақ: Ай фазалары кезіндегі аспан жарықтығы бойынша зерттеуде бақылау кезеңі қанша уақытқа созылды? Жауап: Бақылау кезеңі екі ай.,882,91,973,1.398285020000003,,,False,,,,,
46,baseline,2,2634070233.0,False,parsing,"Сұрақ: Зерттеу барысында ай фазаларына байланысты аспан жарықтығының айырмашылығы қандай болды? Жауап: Бақылау кезеңі екі айға созылды және нәтижелер бірнеше рет қайталанып, орташа мәндер салыстырылды. Бақылауда жаңа ай кезінде аспан ең қараңғы болды.",882,163,1045,2.4722748430003776,,,False,,,,,
46,baseline,3,3092888490.0,False,parsing,Сұрақ: Бақылау кезеңі қанша уақытқа созылды және зерттеу қанша түнгі өлшеуді қамтыды? Жауап: Бақылау кезеңі екі айға созылды және зерттеу 24 түнгі өлшеуді қамтыды.,882,122,1004,1.8606714299994564,,,False,,,,,
47,baseline,1,2405972735.0,False,parsing,"Сұрақ: Зерттеу кезінде бақыланатын негізгі өлшемдер қандай болды және қандай маятниктердің периоды ұзағырақ болды? Жауап: Негізгі өлшемдердің бірі он тербелістің уақыты, ал екіншісі орташа период болды. Бақылауда ұзын маятниктің периоды ұзағырақ болды.",872,147,1019,2.2336061589994642,,,False,,,,,
47,baseline,2,2788109139.0,False,parsing,Сұрақ: Тәжірибе кезінде маятниктердің ұзындығы мен периодтарын өлшеу үшін қанша өлшеу сериясы қолданылды? Жауап: Зерттеуге 15 өлшеу сериясы енгізілді.,872,95,967,1.4579243289999795,,,False,,,,,
47,baseline,3,3023866569.0,False,parsing,Сұрақ: Тәжірибедегі бақылау кезеңі қандай болды? Жауап: Бақылау кезеңі бір зертханалық күн.,872,68,940,1.0558163940004306,,,False,,,,,
47,baseline,4,1230345517.0,False,parsing,"Сұрақ: Зерттеудің негізгі мақсаты қандай болды және ол негізгі өлшемдерді қандай болды? Жауап: Зерттеудің негізгі мақсаты маятниктің ұзындығы мен периодын зерттеу болды. Негізгі өлшемдердің бірі он тербелістің уақыты, ал екіншісі орташа период болды.",872,143,1015,2.173336907999328,,,False,,,,,
47,baseline,5,1374590407.0,False,parsing,"Сұрақ: Тәжірибеде маятник массасы мен бастапқы бұрыштың бірдей болғанын қандай негізгі өлшемдер растады? Жауап: Негізгі өлшемдердің бірі он тербелістің уақыты, екіншісі орташа период болды.",872,111,983,1.6966354229998615,,,False,,,,,
48,baseline,1,129401811.0,False,parsing,"""Температураның ашытқы белсенділігіне әсері бойынша зерттеу жүргізілді. Зерттеуге 16 ерітінді нысан немесе қатысушы енгізілді және олар төрт температура тобына бөлінді. Бақылау кезеңі 40 минут. Негізгі өлшемдердің бірі көмірқышқыл газының көлемі, ал екіншісі реакция жылдамдығы. Тәжірибеде ерітінді құрамы барлық топта бірдей болды. Нәтижелер бірнеше рет қайталанып, орташа мәндер салыстырылды. Бақылауда 30 градус жағдайында газ түзілуі жоғары болды. Алынған деректер кейінгі зерттеу дизайнын нақтылау үшін пайдаланылды. Бастапқы деректер зерттеу журналында сақталды. Қорытынды жасау кезінде зерттеушілер өлшеу қатесі мен тәжірибе шектеулерін бөлек ескерді.""",885,389,1274,5.855517056999815,,,False,,,,,
48,baseline,2,3225631310.0,False,parsing,Сұрақ: Тәжірибеде ерітінді құрамы қандай болды? Жауап: Ерітінді құрамы барлық топта бірдей болды.,885,63,948,0.9817098929997883,,,False,,,,,
48,baseline,3,2806173650.0,False,parsing,Сұрақ: Тәжірибеде олар төрт температура тобына бөлінген 16 ерітінді нысан немесе қатысушының жұмыс істеуі қандай болды? Жауап: Қатысушылар төрт температура тобына бөлінді.,885,98,983,1.5034473489995435,,,False,,,,,
48,baseline,4,2840718220.0,False,parsing,Сұрақ: Бақылау кезеңі қанша уақытқа созылды және температура тобы қанша болды? Жауап: Бақылау кезеңі 40 минут болды және температура тобы төрт болды.,885,88,973,1.3547617980002542,,,False,,,,,
48,baseline,5,896286399.0,False,parsing,Сұрақ: Зерттеуге қанша ерітінді нысаны енгізілді және олар қалай бөлінді? Жауап: Зерттеуге 16 ерітінді нысан немесе қатысушы енгізілді және олар төрт температура тобына бөлінді.,885,103,988,1.578898861000198,,,False,,,,,
49,baseline,1,1328140352.0,False,parsing,Сұрақ: Зерттеу барысында қысқа үзіліске ұшыраған топтың кейбір өнімділігі қалай өзгерді? Жауап: Бақылауда үзіліс алған топта кейбір көрсеткіш жақсарды.,874,108,982,1.6510140020000108,,,False,,,,,
49,baseline,2,3866004619.0,False,parsing,Сұрақ: Қысқа үзілістің зейінге әсерін зерттеуде бақылау кезеңі қанша уақытқа созылды? Жауап: Бақылау кезеңі бір сағатқа созылды.,874,95,969,1.4582231290005438,,,False,,,,,
49,baseline,4,2370602778.0,False,parsing,Сұрақ: Зерттеуде үзіліс алған топта кейбір көрсеткіштер қалай өзгерді?,874,49,923,0.7729524900005345,,,False,,,,,
5,baseline,1,4113105721.0,False,parsing,Сұрақ: Қалалық спорт кешенінде ересектерге арналған жүзу бағдарламасының қызмет көрсету кестесі қандай? Жауап: Қызмет көрсету кестесі: сейсенбі және бейсенбі 19:00.,920,105,1025,1.609293071999673,,,False,,,,,
5,baseline,2,2623474925.0,False,parsing,Сұрақ: Қалалық спорт кешенінде ересектер жүзу бағдарламасы үшін қандай негізгі талап бар? Жауап: Қатысушыларға арналған негізгі талап: алғашқы сабаққа дейін медициналық анықтама қажет.,920,118,1038,1.8036445540001296,,,False,,,,,
5,baseline,4,188189521.0,False,parsing,Сұрақ: Қалалық спорт кешенінің жүзу бағдарламасына қатысушылардың негізгі талабы қандай? Жауап: Қатысушыларға арналған негізгі талап: алғашқы сабаққа дейін медициналық анықтама қажет.,920,122,1042,1.8625335750002705,,,False,,,,,
5,baseline,5,4177776225.0,False,parsing,Сұрақ: Қалалық спорт кешенінде ересектерге арналған жүзу бағдарламасы ұйымдастырылған кезде қандай негізгі талаптар болды? Жауап: Қатысушыларға арналған негізгі талап: алғашқы сабаққа дейін медициналық анықтама қажет.,920,137,1057,2.0861314080002558,,,False,,,,,
50,baseline,1,796011246.0,False,parsing,Сұрақ: Бақылау кезеңі қанша апта болды және топырақ пен жарықтың бірдей екендігі зерттеуде қалай есептелді? Жауап: Бақылау кезеңі сегіз апта болды. Тәжірибеде топырақ пен жарық бірдей болды.,885,122,1007,1.862463134999416,,,False,,,,,
50,baseline,2,185417701.0,False,parsing,Сұрақ: Қай топта өнім массасы жоғары болды? Жауап: Бақылауда екі күн сайын суарылған топта өнім массасы жоғары болды.,885,74,959,1.146233105000647,,,False,,,,,
50,baseline,3,416099035.0,False,parsing,Сұрақ: Суару жиілігінің қызанақ өнімділігіне әсері бойынша зерттеуге қатысқан өсімдіктердің саны қанша болды және олар қалай бөлінді? Жауап: Зерттеуге 48 өсімдік нысан немесе қатысушы енгізілді және олар үш суару тобына бөлінді.,885,149,1034,2.2652294589997837,,,False,,,,,
50,baseline,4,4062228876.0,False,parsing,Сұрақ: Зерттеудегі бақылау кезеңі қанша апта болды және топырақ пен жарық жағдайы қалай болды? Жауап: Бақылау кезеңі сегіз апта. Топырақ пен жарық жағдайы бірдей болды.,885,111,996,1.6969806019997122,,,False,,,,,
50,baseline,5,3697201336.0,False,parsing,"Сұрақ: Зерттеуде қандай негізгі өлшемдер талданған? Жауап: Жеміс массасы, өсімдік биіктігі және гүл саны.",885,68,953,1.0563637400000516,,,False,,,,,
51,baseline,1,2628874161.0,False,parsing,Сұрақ: Зерттеуде қанша спутниктік кескін нысаны енгізілді және олар қандай үш жер жамылғысы санатына бөлінді? Жауап: Зерттеуге 15 спутниктік кескін нысаны енгізілді және олар үш жер жамылғысы санатына бөлінді.,865,123,988,1.87511223599995,,,False,,,,,
51,baseline,2,3350202942.0,False,parsing,Сұрақ: Зерттеу кезінде бақылау кезеңі қанша жазғы күнге созылды? Жауап: Бақылау кезеңі бес жазғы күнге созылды.,865,79,944,1.2198923630003264,,,False,,,,,
51,baseline,3,910639077.0,False,parsing,Сұрақ: Тәжірибеде қандай негізгі өлшемдер өлшенді? Жауап: Тәжірибеде беткі температура мен өсімдік жамылғысы үлесі негізгі өлшемдер ретінде өлшенді.,865,95,960,1.4584064479995504,,,False,,,,,
51,baseline,4,4249821071.0,False,parsing,"Сұрақ: Зерттеуде беткі температура және өсімдік жамылғысы үлесі ретінде қандай екі негізгі өлшем қарастырылды? Жауап: ""Беткі температура және өсімдік жамылғысы үлесі.""",865,99,964,1.5184955280001304,,,False,,,,,
52,baseline,1,1789555528.0,False,parsing,Сұрақ: Тәжірибеде температура қандай деңгейде сақталды?,876,34,910,0.5495333099997879,,,False,,,,,
52,baseline,4,953203254.0,False,parsing,"Сұрақ: Тәжірибеде түс өзгеруіне дейінгі уақыт пен стандартты ауытқу қандай болды? Жауап: «Негізгі көрсеткіштердің бірі түс өзгеруіне дейінгі уақыт, ал екіншісі стандартты ауытқу».",876,115,991,1.7561674030002905,,,False,,,,,
52,baseline,5,459032034.0,False,parsing,Сұрақ: Зерттеуде қанша тәжірибе нысаны енгізілді? Жауап: Зерттеуге 12 тәжірибе нысаны немесе қатысушы енгізілді.,876,68,944,1.0552447299996857,,,False,,,,,
53,baseline,2,2395466250.0,False,parsing,Сұрақ: Зерттеуге көрсетілген қатысушылар саны қанша болды? Жауап: Зерттеуге 36 қатысушы енгізілді.,879,61,940,0.9515668379999624,,,False,,,,,
53,baseline,3,3115433909.0,False,parsing,Сұрақ: Тәжірибеде қанша қатысушы енгізілді? Жауап: Зерттеуге 36 қатысушы нысан немесе қатысушы енгізілді.,879,68,947,1.0568615499996667,,,False,,,,,
53,baseline,4,2134666937.0,False,parsing,Сұрақ: Зерттеуде қандай негізгі өлшемдер өлшенді? Жауап: Зерттеуде реакция уақыты мен қате жауап саны өлшенді.,879,71,950,1.100709700999687,,,False,,,,,
53,baseline,5,1139590498.0,False,parsing,"Сұрақ: Зерттеудің негізгі өлшемдері қандай болды? Жауап: «Негізгі өлшемдердің бірі реакция уақыты, ал екіншісі қате жауап саны».",879,80,959,1.2351464129997112,,,False,,,,,
54,baseline,1,4152769513.0,False,parsing,Сұрақ: Топырақтың ылғал сақтау қабілетіне қатысты зерттеуде қанша үлгі нысан енгізілді және олар қанша учаскеге бөлінді? Жауап: 15 үлгі нысан енгізілді және олар үш учаскеге бөлінді.,898,122,1020,1.8610245149993716,,,False,,,,,
54,baseline,2,2359033009.0,False,parsing,"Сұрақ: Зерттеу кезінде қандай негізгі өлшемдер қарастырылды және қандай топырақ түрі көбірек ылғал сақтады? Жауап: Зерттеу кезінде негізгі өлшемдердің бірі қалған ылғал мөлшері, ал екіншісі органикалық зат үлесі болды. Бақылауда органикалық құрамы жоғары топырақ көбірек ылғал сақтады.",898,188,1086,2.844994723999662,,,False,,,,,
54,baseline,3,363444077.0,False,parsing,Сұрақ: Топырақтың ылғал сақтау қабілетін зерттеудегі бақылау кезеңі қанша болды? Жауап: Бақылау кезеңі 24 сағат болды.,898,87,985,1.3394819260001896,,,False,,,,,
54,baseline,4,2320458569.0,False,parsing,Сұрақ: Топырақтың ылғал сақтау қабілетіне қатысты зерттеудегі негізгі өлшемдер қандай болды? Жауап: Қалған ылғал мөлшері мен органикалық зат үлесі.,898,97,995,1.4894115779998174,,,False,,,,,
55,baseline,1,2742650351.0,False,parsing,Сұрақ: Қай материал тобы дыбыс деңгейінің төмендеуін көрсетті? Жауап: көбік панелі.,887,55,942,0.863308455999686,,,False,,,,,
55,baseline,2,444088426.0,False,parsing,Сұрақ: Тәжірибеде қай материал тобы ең үлкен дыбыс деңгейінің төмендеуін көрсетті? Жауап: Көбік панелі.,887,71,958,1.1022183909999512,,,False,,,,,
55,baseline,3,2775117940.0,False,parsing,Сұрақ: Зерттеудің бақылау кезеңі қандай болды? Жауап: Зерттеудің бақылау кезеңі бір күн болды.,887,67,954,1.0426716199999646,,,False,,,,,
55,baseline,4,3582035443.0,False,parsing,Сұрақ: Бақылау кезеңі қанша уақытқа созылды және қай материалдар тобы ең үлкен төмендеуді көрсетті? Жауап: Бақылау кезеңі бір күнге созылды және көбік панелі ең үлкен төмендеуді көрсетті.,887,133,1020,2.0259358980001707,,,False,,,,,
55,baseline,5,3708121852.0,False,parsing,Сұрақ: Зерттеу кезінде қандай материал тобы ең үлкен дыбыс деңгейінің төмендеуін көрсетті? Жауап: Көбік панелі ең үлкен төмендеуді көрсетті.,887,94,981,1.4442948969999634,,,False,,,,,
56,baseline,2,267084446.0,False,parsing,Сұрақ: Тұз концентрациясының тұқым өнуіне әсері бойынша зерттеуде қанша бидай тұқымын зерттеді?,874,65,939,1.0110188589997051,,,False,,,,,
56,baseline,5,558283009.0,False,parsing,"Сұрақ: Зерттеу барысында тұз концентрациясы төмендеген сайын өну пайызы қаншалықты өсті? JSON: { ""сұрақ"": ""Зерттеу барысында тұз концентрациясы төмендеген сайын өну пайызы қаншалықты өсті?"", ""жауап"": ""Тәжірибеде тұз концентрациясы төмендеген сайын өну пайызы жоғарылады.",874,162,1036,2.4547773069998584,,,False,,,,,
57,baseline,1,1031849418.0,False,parsing,Сұрақ: Бақылау кезеңі қанша уақытқа созылды және бақылаудағы қатысушылардың қай топтары көбірек қадам жасады? Жауап: Бақылау кезеңі бір аптаға созылды және кампустан тыс тұратындар көбірек қадам жасады.,874,140,1014,2.1273507599998993,,,False,,,,,
57,baseline,2,2096838829.0,False,parsing,Сұрақ: Зерттеу барысында қандай негізгі айнымалылар өлшенді және қатысушылардың тұрғылықты жеріне қалай байланысты?,874,76,950,1.1743150219999734,,,False,,,,,
57,baseline,3,1994878514.0,False,parsing,Сұрақ: Бақылау кезеңі қанша уақытқа созылды? Жауап: Бақылау кезеңі бір аптаға созылды.,874,66,940,1.026558919999843,,,False,,,,,
57,baseline,4,3679015913.0,False,parsing,Сұрақ: Зерттеу қанша студентті қамтыды және олар қалай сипатталды?,874,41,915,0.653281132000302,,,False,,,,,
57,baseline,5,781435694.0,False,parsing,Сұрақ: Бақылау кезеңі қанша уақытқа созылды?,874,37,911,0.5935647109999991,,,False,,,,,
58,baseline,1,2344335787.0,False,parsing,"Сұрақ: Зерттеуге қандай мәтіндер енгізілді және олар қалай бөлінді? Жауап: Зерттеуге 3000 мәтін енгізілді және олар оқыту, валидация және тест бөлігіне бөлінді.",865,103,968,1.5763386449998507,,,False,,,,,
58,baseline,2,629988216.0,False,parsing,"Сұрақ: Мәтіндегі зерттеу кезінде қолданылған өлшемдер қандай болды? Жауап: Негізгі өлшемдердің бірі дәлдік болды, ал екіншісі макро-F1 болды.",865,88,953,1.353059915999438,,,False,,,,,
58,baseline,3,2244075301.0,False,parsing,Сұрақ: Мәтіндегі зерттеудің өлшемі қандай? Жауап: Негізгі өлшемдердің бірі дәлдік болып табылады.,865,68,933,1.0562740299992583,,,False,,,,,
58,baseline,5,1244726160.0,False,parsing,Сұрақ: Зерттеу кезінде пайдаланылған мәтіндердің саны қанша болды? Жауап: Зерттеуге 3000 мәтін нысаны енгізілді.,865,69,934,1.0703958900003272,,,False,,,,,
59,baseline,1,4279939026.0,False,parsing,Сұрақ: Беткей бұрышының су ағынына әсері бойынша зерттеуде қанша өлшем тәжірибеде жинақталды?,888,66,954,1.0255471399996168,,,False,,,,,
59,baseline,2,3259387439.0,False,parsing,Сұрақ: Зерттеуге қатысушылар қанша болды және олар үш бұрышқа бөлінді ме? Жауап: Зерттеуге 12 тәжірибе нысаны немесе қатысушы енгізілді және олар үш бұрышқа бөлінді.,888,111,999,1.6961258020000969,,,False,,,,,
59,baseline,3,9317171.0,False,parsing,Сұрақ: Зерттеуге қатысқан қатысушылардың саны қанша болды және олар үш бұрышқа қалай бөлінді? Жауап: Қатысушылардың саны 12 болды және олар үш бұрышқа бөлінді.,888,111,999,1.6965018520004378,,,False,,,,,
59,baseline,4,3230416994.0,False,parsing,Сұрақ: Беткей бұрышының су ағынына әсері туралы зерттеуге қанша тәжірибе нысаны енгізілді және олар қанша бұрышқа бөлінді? Жауап: Зерттеуге 12 тәжірибе нысаны енгізілді және олар үш бұрышқа бөлінді.,888,133,1021,2.0234947579992877,,,False,,,,,
59,baseline,5,3940899112.0,False,parsing,Сұрақ: Бақылау кезеңі қанша зертханалық серия болды? Жауап: Бақылау кезеңі бір зертханалық серия болды.,888,69,957,1.0701438309997684,,,False,,,,,
6,baseline,1,1359383295.0,False,parsing,Сұрақ: Орталық алаңдағы фермерлік жәрмеңкедегі қызмет көрсету кестесі қандай? Жауап: жексенбі 08:00–14:00.,893,74,967,1.146623792000355,,,False,,,,,
6,baseline,2,2839812328.0,False,parsing,Сұрақ: Фермерлік жәрмеңкеде қандай негізгі өнім санаттары бар? Жауап: Негізгі өнім санаттары:,893,62,955,0.9679235590001554,,,False,,,,,
6,baseline,3,811285239.0,False,parsing,Сұрақ: Алғашқы күнде фермерлік жәрмеңкедегі қызмет көрсету кестесі қандай?,893,55,948,0.8634265460004826,,,False,,,,,
6,baseline,4,302832419.0,False,parsing,Сұрақ: Фермерлік жәрмеңке ұйымдастырылған нысанның негізгі талабы қандай? Жауап: Қатысушыларға арналған негізгі талап: сауда орнында баға ашық көрсетілуі тиіс.,893,107,1000,1.638288771000589,,,False,,,,,
60,baseline,1,2215974135.0,False,parsing,"Сұрақ: «Сақтау температурасының алма сапасына әсері» зерттеуі кезінде қандай өлшемдер бақыланып, қандай температура жағдайы қаттылықтың жақсы сақталуын көрсетті?",877,106,983,1.6209143799997037,,,False,,,,,
60,baseline,2,3528200063.0,False,parsing,"Сұрақ: Бақылау кезеңінде алма сапасына қандай факторлар әсер етті? Жауап: ""Негізгі өлшемдердің бірі масса жоғалуы, ал екіншісі қаттылық пен түс"".",877,94,971,1.4425098880001315,,,False,,,,,
60,baseline,3,3270636436.0,False,parsing,Сұрақ: Зерттеу кезінде алма қандай үш температура тобына бөлінді? Жауап: Зерттеуге 60 алма нысан немесе қатысушы енгізілді және олар үш температура тобына бөлінді.,877,86,963,1.3234765939996578,,,False,,,,,
60,baseline,4,71063705.0,False,parsing,Сұрақ: Зерттеу барысында қандай негізгі өлшемдер салыстырды?,877,37,914,0.5938604110006054,,,False,,,,,
60,baseline,5,1333847180.0,False,parsing,Сұрақ: Алма сапасын сақтау температурасына байланысты зерттеу қандай нәтижелерге қол жеткізді? Жауап: Зерттеу кезінде бақылау кезеңі 21 күн болды және қатысушылар үш температура тобына бөлінді. Бақылауда 4 градус жағдайында қаттылық жақсы сақталды.,877,155,1032,2.3510895749996052,,,False,,,,,
61,baseline,1,3265473187.0,False,parsing,Сұрақ: RFID қойма жүйесіне қандай негізгі деректер пайдаланылады?,897,38,935,0.6095982309998362,,,False,,,,,
61,baseline,2,1148392847.0,False,parsing,"""RFID қойма жүйесі тауар қозғалысын автоматты түрде қалай бақылайды?""",897,44,941,0.6987797929996304,,,False,,,,,
61,baseline,3,127117418.0,False,parsing,Сұрақ: RFID қойма жүйесінің негізгі дерек ретінде сақталатын негізгі деректер қандай? Жауап: Қораптағы RFID белгілері.,897,70,967,1.0859479109994936,,,False,,,,,
61,baseline,4,2762614767.0,False,parsing,Сұрақ: RFID қойма жүйесі негізгі деректер ретінде қандай деректерді пайдаланады? Жауап: Қораптағы RFID белгілері.,897,64,961,0.9969633290002093,,,False,,,,,
61,baseline,5,3145647524.0,False,parsing,Сұрақ: RFID қойма жүйесі тауарлардың қозғалысын автоматты бақылау үшін қандай деректерді пайдаланады? Жауап: RFID жүйесі қораптағы RFID белгілерін негізгі дерек ретінде пайдаланады.,897,106,1003,1.622158901000148,,,False,,,,,
62,baseline,2,841711321.0,False,parsing,Сұрақ: Ақылды жарықтандыру жүйесінде бос аймақта шам жарықтығын төмендететін белгіленген жағдай қандай? Жауап: Белгіленген жағдай орындалғанда жүйе бос аймақта шам жарықтығын төмендетеді.,888,126,1014,1.9198710959999516,,,False,,,,,
62,baseline,4,3735426206.0,False,parsing,Сұрақ: Ақылды жарықтандыру жүйесі негізгі дерек қандай пайдаланады және деректер қалай жаңартылады? Жауап: Жүйе негізгі дерек ретінде қозғалыс және жарық датчиктерін пайдаланады. Деректер әр минут сайын жаңартылып отырады.,888,134,1022,2.040178709000429,,,False,,,,,
62,baseline,5,3027142044.0,False,parsing,Сұрақ: Жарықтандыру жүйесінің негізгі деректер көздері қандай?,888,43,931,0.6830794620000233,,,False,,,,,
63,baseline,1,3673548536.0,False,parsing,Сұрақ: Қоғамдық көлік мобильді қосымшасында маршрут жоспарлауға арналған негізгі деректер қандай? Жауап: Жүйе негізгі дерек ретінде GPS және кесте деректерін пайдаланады.,878,101,979,1.5477577689998725,,,False,,,,,
63,baseline,2,1988912563.0,False,parsing,Сұрақ: Қоғамдық көлік мобильді қолданбасының негізгі деректері қандай? Жауап: Қоғамдық көлік мобильді қолданбасы GPS және кесте деректерін негізгі дерек ретінде пайдаланады.,878,104,982,1.5920612300005814,,,False,,,,,
63,baseline,3,2637118608.0,False,parsing,Сұрақ: Қоғамдық көлік мобильді қолданбасының негізгі деректері қандай?,878,46,924,0.7283074940005463,,,False,,,,,
63,baseline,4,2910415327.0,False,parsing,Сұрақ: Қоғамдық көліктің мобильді қолданбасының негізгі деректері қандай? Жауап: Жүйе негізгі дерек ретінде GPS және кесте деректерін пайдаланады.,878,88,966,1.3533290559998932,,,False,,,,,
63,baseline,5,3045691128.0,False,parsing,Сұрақ: Қоғамдық көлік мобильді қолданбасында маршрут жоспарлау үшін қандай негізгі деректер пайдаланылады? Қолданба ақпараты: Қоғамдық көлік мобильді қолданбасы маршрут жоспарлау үшін енгізілді. Жүйе негізгі дерек ретінде GPS және кесте деректері пайдаланады. Деректер нақты уақытта жаңартылып отырады.,878,174,1052,2.637322859000051,,,False,,,,,
64,baseline,1,3379213258.0,False,parsing,"Сұрақ: Роботтың компьютерлік көру модулі қандай мақсатта жасалған және ол қандай оқиғаларды анықтайды? Жауап: Роботқа арналған компьютерлік көру модулі түсті белгілерді тану үшін жасалған. Ол қызыл, жасыл және көк командаларды белгіленген жағдай орындалғанда анықтайды.",878,168,1046,2.5481165860001056,,,False,,,,,
64,baseline,3,596141619.0,False,parsing,Сұрақ: Жүйенің негізгі күйі қайда көрсетіледі?,878,38,916,0.6094484909999665,,,False,,,,,
64,baseline,4,2908488205.0,False,parsing,Сұрақ: Компьютерлік көру модулі түсті белгілерді анықтау үшін қандай кіріс деректерді пайдаланады?,878,58,936,0.9073454599993056,,,False,,,,,
64,baseline,5,3817757969.0,False,parsing,"Сұрақ: Компьютерлік көру модулі түсті белгілерді тану үшін қандай параметрлерді пайдаланады? Жауап: Жүйе қызыл, жасыл және көк командаларды анықтайды.",878,89,967,1.3695968860001813,,,False,,,,,
65,baseline,2,1279348919.0,False,parsing,Сұрақ: Екі факторлы аутентификация кезінде жүйе қандай деректерді негізгі ретінде пайдаланады? Жауап: Жүйе негізгі дерек ретінде құпиясөз және бір реттік кодты пайдаланады.,881,99,980,1.5185428220001995,,,False,,,,,
65,baseline,3,3050323868.0,False,parsing,Сұрақ: Екі факторлы аутентификацияда жүйе негізгі дерек ретінде не пайдаланады?,881,42,923,0.6694407630002388,,,False,,,,,
65,baseline,4,2140336782.0,False,parsing,Сұрақ: Екі факторлы аутентификацияның мақсаты қандай?,881,31,912,0.5051607379991765,,,False,,,,,
65,baseline,5,3639594675.0,False,parsing,Сұрақ: Екі факторлы аутентификацияның негізгі деректері қандай және қандай жағдайларда екінші код талап етіледі? Жауап: Негізгі деректер – құпия сөз және бір реттік код. Белгіленген жағдай орындалғанда жүйе екінші кодты талап етеді.,881,135,1016,2.0557442589997663,,,False,,,,,
66,baseline,1,2298259001.0,False,parsing,Сұрақ: IoT топырақ ылғал жүйесі фермадағы жағдайларды қалай бақылайды? Жауап: IoT топырақ ылғал жүйесі негізгі дерек ретінде сымсыз ылғал және температура датчиктерін пайдаланады. Деректер 15 минут сайын жаңартылып отырады. Белгіленген жағдай орындалғанда жүйе төмен ылғал кезінде ескерту жібереді.,879,177,1056,2.6820077009997476,,,False,,,,,
66,baseline,3,2807665570.0,False,parsing,Сұрақ: IoT топырақ ылғалы жүйесі ферма жағдайын бақылау үшін қандай негізгі деректерді пайдаланады? Жауап: Жүйе негізгі дерек ретінде сымсыз ылғал және температура датчиктері пайдаланады.,879,109,988,1.6674577459998545,,,False,,,,,
66,baseline,5,2945192044.0,False,parsing,Сұрақ: IoT топырақ ылғалы жүйесі ферма жағдайын бақылау үшін қанша уақыт сайын деректер жаңартылады? Жауап: Деректер 15 минут сайын жаңартылып отырады.,879,97,976,1.488567139999759,,,False,,,,,
67,baseline,1,1743151826.0,False,parsing,Сұрақ: QR жабдық тіркеу жүйесі негізгі деректер ретінде не пайдаланады? Жауап: Құрылғы QR кодтары.,890,62,952,0.9669179619995703,,,False,,,,,
67,baseline,2,950559207.0,False,parsing,"Сұрақ: QR кодтары құрылғыны тіркеу жүйесінде қалай пайдаланылады? JSON: { ""sұрақ"": ""QR кодтары құрылғыны тіркеу жүйесінде қалай пайдаланылады?"", ""жауап"": ""Жүйе негізгі дерек ретінде құрылғы QR кодтарын пайдаланады."" }",890,135,1025,2.055116669000199,,,False,,,,,
67,baseline,3,2086275934.0,False,parsing,Сұрақ: QR жабдық тіркеу жүйесінде құрылғыны пайдалану басталған уақытты қалай тіркейсіз? Жауап: Белгіленген жағдай орындалғанда жүйе пайдалану басталған уақытты тіркейді.,890,113,1003,1.726709567999933,,,False,,,,,
68,baseline,3,2725136241.0,False,parsing,Сұрақ: Сұраныс болжау моделінің негізгі деректері қандай және олар қаншалықты жиі жаңартылады? Жауап: Сұраныс болжау моделінің негізгі деректері – екі жылдық апталық сатылым мен баға. Деректер апта сайын жаңартылып отырады.,866,131,997,1.993983506999939,,,False,,,,,
68,baseline,4,1511494532.0,False,parsing,Сұрақ: Сұранысты болжау моделі арқылы тауар сатылымын жоспарлау үшін негізгі деректер қандай? Жауап: Жүйе негізгі дерек ретінде екі жылдық апталық сатылым мен баға пайдаланады.,866,103,969,1.5771743230006905,,,False,,,,,
68,baseline,5,2131981907.0,False,parsing,Сұрақ: Сұранысты болжау моделінің негізгі деректері қандай?,866,35,901,0.5640790590005054,,,False,,,,,
69,baseline,1,1484425418.0,False,parsing,Сұрақ: Камера мониторинг модулі бейнебақылау ақауын анықтау үшін негізгі дерек ретінде қандай екі деректерді пайдаланады? Жауап: Камера күйі мен байланыс журналы.,890,91,981,1.3987217769999916,,,False,,,,,
69,baseline,4,299908523.0,False,parsing,Сұрақ: Бейнебақылау ақауын анықтау үшін жүйе негізгі дерек ретінде қандай ақпаратты пайдаланады? Жауап: Камера күйі мен байланыс журналы.,890,88,978,1.3543777459999546,,,False,,,,,
69,baseline,5,3895163202.0,False,parsing,Сұрақ: Бейнебақылау ақауын анықтау үшін камера мониторинг модулі қандай деректерді пайдаланады? Жауап: Жүйе негізгі дерек ретінде камера күйі мен байланыс журналын пайдаланады.,890,101,991,1.54802772200037,,,False,,,,,
7,baseline,1,1197282875.0,False,parsing,Сұрақ: Автобус бағытындағы қарбалас уақытта интервал қанша? Жауап: Қарбалас уақытта интервал 10 минут.,896,64,960,0.9964339640000617,,,False,,,,,
7,baseline,4,2597304613.0,False,parsing,Сұрақ: Қаланың солтүстік бөлігінде жаңа автобус бағытының қанша аялдамасы бар және қызмет көрсету кестесі қандай? Жауап: Қаланың солтүстік бөлігінде жаңа автобус бағытының 18 негізгі аялдамасы бар. Қызмет көрсету кестесі: 06:20–22:40.,896,155,1051,2.3542465989994525,,,False,,,,,
7,baseline,5,2841046306.0,False,parsing,Сұрақ: Жаңа автобус бағытының негізгі аялдамалары қандай? Жауап: Нысанда 18 негізгі аялдама бар.,896,60,956,0.9375827220001156,,,False,,,,,
70,baseline,1,3970694614.0,False,parsing,Сұрақ: Семантикалық іздеу жүйесі қалай жұмыс істейді?,920,37,957,0.5950332499996875,,,False,,,,,
70,baseline,2,3446325727.0,False,parsing,Сұрақ: Семантикалық іздеу жүйесі негізгі дерек ретінде қандай элементтерді пайдаланады? Жауап: Құжат мәтіні мен эмбеддингтер негізгі дерек ретінде пайдаланылады.,920,88,1008,1.3551203850001912,,,False,,,,,
70,baseline,4,106546716.0,False,parsing,Сұрақ: Семантикалық іздеу жүйесінде мағыналық ұқсас құжаттарды көрсету үшін қандай шарт орындалады? Жауап: Белгіленген жағдай орындалғанда жүйе мағыналық ұқсас құжаттарды көрсетеді.,920,129,1049,1.9650169870001264,,,False,,,,,
70,baseline,5,2950079544.0,False,parsing,Сұрақ: Семантикалық іздеу жүйесі ішкі құжаттарды табу үшін енгізілген кезде негізгі дерек ретінде қандай деректер пайдаланылады? Жауап: Құжат мәтіні мен эмбеддингтер пайдаланылады.,920,103,1023,1.577571872999215,,,False,,,,,
71,baseline,1,2426068551.0,False,parsing,Сұрақ: Механикалық ақауын ерте байқау үшін жүйе қандай негізгі деректерді пайдаланады?,865,59,924,0.9215958020004109,,,False,,,,,
71,baseline,2,2121195491.0,False,parsing,Сұрақ: Прогностиканы ұстап тұру модулі жүйесі қандай негізгі деректер пайдаланады? Жауап: Жүйе негізгі дерек ретінде діріл және температура датчиктері пайдаланады.,865,87,952,1.3382950750001328,,,False,,,,,
71,baseline,4,4025648086.0,False,parsing,Сұрақ: Болжалды техникалық қызмет көрсету модулі қандай негізгі дерек ретінде пайдаланады?,865,52,917,0.817191567000009,,,False,,,,,
71,baseline,5,1176086818.0,False,parsing,Сұрақ: Жүйе қандай деректерді негізгі дерек ретінде пайдаланады және олар қаншалықты жиі жаңартылады? Жауап: Жүйе негізгі деректер ретінде діріл және температура датчиктерін пайдаланады және олар әр минут сайын жаңартылады.,865,127,992,1.9336342560000048,,,False,,,,,
72,baseline,1,3201511442.0,False,parsing,Сұрақ: Жүйе негізгі дерек ретінде не пайдаланады? Жауап: Жүйе негізгі дерек ретінде мәтін мазмұны мен метадеректер пайдаланады.,907,74,981,1.145955509000487,,,False,,,,,
72,baseline,2,4125610418.0,False,parsing,Сұрақ: Жүйе негізгі дерек ретінде не пайдаланады? Жауап: Жүйе негізгі дерек ретінде мәтін мазмұны мен метадеректерді пайдаланады.,907,75,982,1.1600755989993559,,,False,,,,,
72,baseline,3,2636363131.0,False,parsing,Сұрақ: Семантикалық корпоративтік іздеу қызметкер сұрауына жауапты құжат табу үшін қандай негізгі дерек пайдаланылады? Жауап: Жүйе негізгі дерек ретінде мәтін мазмұны мен метадеректер пайдаланады.,907,112,1019,1.7115757080000549,,,False,,,,,
72,baseline,4,3805805898.0,False,parsing,Сұрақ: Жүйе негізгі дерек ретінде қандай деректерді пайдаланады? Жауап: Жүйе негізгі дерек ретінде мәтін мазмұны мен метадеректерді пайдаланады.,907,82,989,1.2648846900001445,,,False,,,,,
72,baseline,5,3141924305.0,False,parsing,Сұрақ: Семантикалық корпоративтік іздеу қызметкердің сұрауына жауапты құжатты табу үшін қандай негізгі деректерді пайдаланады?,907,75,982,1.1606125389998851,,,False,,,,,
73,baseline,1,1763326721.0,False,parsing,"Сұрақ: Су есептегішті тану прототипі қалай жұмыс істейді? Жауап: Су есептегішті тану прототипі камерадан көрсеткіш оқу үшін енгізілген. Жүйе негізгі дерек ретінде телефон фотосы пайдаланады. Деректер әр сұрауда жаңартылып отырады. Белгіленген жағдай орындалғанда жүйе сандық көрсеткішті OCR арқылы шығарады. Байланыс немесе қызмет уақытша тоқтаса, сенімділік төмен болса қолмен тексеру сұралады. Сурет рұқсатсыз серверге жіберілмейді. Пилоттық кезеңде тиімділік тану дәлдігі арқылы бағаланады. Барлық негізгі әрекеттер журналда сақталады. Жүйенің негізгі күйі басқару панелінде көрсетіледі. Қате немесе күтпеген жағдай анықталса, жауапты маманға автоматты хабарлама жіберіледі.",870,414,1284,6.223563802999706,,,False,,,,,
73,baseline,2,770617877.0,False,parsing,Сұрақ: Су есептегішті тану жүйесінің негізгі дерек көзі қандай?,870,43,913,0.6830733999995573,,,False,,,,,
73,baseline,4,1496693178.0,False,parsing,Сұрақ: Су есептегішті тану прототипі қандай деректерді пайдаланады? Жауап: Жүйе негізгі дерек ретінде телефон фотосын пайдаланады.,870,71,941,1.0998033780006153,,,False,,,,,
73,baseline,5,829254660.0,False,parsing,Сұрақ: Су есептегішті тану прототипі камерадан көрсеткіш оқу үшін қандай енгізуді пайдаланады?,870,59,929,0.9207612449999942,,,False,,,,,
74,baseline,1,2645804708.0,False,parsing,Сұрақ: Резервтік көшірме жасау үшін жүйе қандай жағдайда жұмыс істейді? Жауап: Белгіленген жағдай орындалғанда жүйе резервтік көшірме жасайды.,897,96,993,1.4738933250000628,,,False,,,,,
74,baseline,3,3655406839.0,False,parsing,Сұрақ: Қандай жағдайда жүйе резервтік көшірме жасайды? Жауап: Белгіленген жағдай орындалғанда жүйе резервтік көшірме жасайды.,897,83,980,1.2801769610005067,,,False,,,,,
74,baseline,5,3219990234.0,False,parsing,Сұрақ: Резервтік көшіру жүйесінің негізгі дерек ретінде қандай файлдық сақтау жүйесі пайдаланылады?,897,63,960,0.9819314369997301,,,False,,,,,
75,baseline,1,3351495252.0,False,parsing,Сұрақ: Автономды қойма арбасының жүйесіндегі негізгі дерек қандай? Жауап: Жүйе негізгі дерек ретінде цифрлық карта және ультрадыбыстық датчик пайдаланады.,890,91,981,1.3980196430002252,,,False,,,,,
75,baseline,2,2511990965.0,False,parsing,Сұрақ: Автономды қойма арбасының негізгі деректері қандай? Жауап: Жүйе негізгі дерек ретінде цифрлық карта және ультрадыбыстық датчик пайдаланады.,890,83,973,1.2798639849997926,,,False,,,,,
75,baseline,3,2080396140.0,False,parsing,Сұрақ: Автономды қойма арбасының құрамына қандай негізгі деректер элементтері енгізілген?,890,49,939,0.7734174449997226,,,False,,,,,
75,baseline,4,330022247.0,False,parsing,Сұрақ: Автономды қойма арбасы жүйесіндегі негізгі дерек қандай?,890,39,929,0.6245035419997294,,,False,,,,,
75,baseline,5,1007188651.0,False,parsing,Сұрақ: Автономды қойма арбасының жүйесі қандай негізгі деректерді пайдаланады? Жауап: Жүйе негізгі дерек ретінде цифрлық карта және ультрадыбыстық датчик пайдаланады.,890,96,986,1.4739551290003874,,,False,,,,,
76,baseline,1,507117339.0,False,parsing,Сұрақ: OCR цифрлық мұрағат жүйесі қандай мәтінді таниды және жүйенің негізгі күйі қалай көрсетіледі?,868,75,943,1.1598687630003042,,,False,,,,,
76,baseline,2,2106417495.0,False,parsing,Сұрақ: OCR цифрлық мұрағат жүйесі қандай дерек ретінде бет кескіндерін пайдаланады? Жауап: «Жүйе негізгі дерек ретінде бет кескіндерін пайдаланады».,868,85,953,1.3091131359997235,,,False,,,,,
76,baseline,3,871527812.0,False,parsing,Сұрақ: OCR цифрлық мұрағат жүйесі қандай негізгі дерек пайдаланады? Жауап: Жүйе негізгі дерек ретінде бет кескіндері пайдаланады.,868,78,946,1.2040710540004511,,,False,,,,,
76,baseline,4,180408702.0,False,parsing,"Сұрақ: OCR цифрлық мұрағат жүйесі сканерленген құжат мәтінін тану үшін қандай негізгі дерек пайдаланады? Жауап: ""Жүйе негізгі дерек ретінде бет кескіндерін пайдаланады.""",868,102,970,1.561909430999549,,,False,,,,,
76,baseline,5,589988460.0,False,parsing,Сұрақ: OCR цифрлық мұрағат жүйесі қандай күйде жұмыс істейді? Қолданылатын тіл: қазақ,868,62,930,0.9661673389991847,,,False,,,,,
77,baseline,1,2570716436.0,False,parsing,"Сұрақ: Фишинг симуляциясы қызметкер киберсауатын тексеру үшін енгізілгенде, жүйе негізгі дерек ретінде не пайдаланады? Жауап: Жүйе негізгі дерек ретінде оқу электрондық хаттарын пайдаланады.",883,109,992,1.6663712039999155,,,False,,,,,
77,baseline,2,1945261072.0,False,parsing,Сұрақ: Фишинг симуляциясы қызметкер киберсауатын тексеру үшін қолданылатын негізгі дерек ретінде не пайдаланады? Жауап: Оқу электрондық хаттары.,883,82,965,1.264543515000696,,,False,,,,,
77,baseline,3,1189103487.0,False,parsing,"Сұрақ: Фишинг симуляциясы қызметкер киберсауатын тексеру үшін қалай жұмыс істейді? Жауап: Жүйе негізгі дерек ретінде оқу электрондық хаттарын пайдаланады және белгіленген жағдай орындалғанда, жүйе күдікті сілтемеге оқу бетін ашады.",883,144,1027,2.1900117740005953,,,False,,,,,
77,baseline,5,2898214579.0,False,parsing,Сұрақ: Фишинг симуляциясының мақсаты қандай? Жауап: Фишинг симуляциясы қызметкер киберсауатын тексеру үшін енгізілді.,883,67,950,1.041181050999512,,,False,,,,,
78,baseline,1,3901086765.0,False,parsing,Сұрақ: Қазақ мәтінін жіктеу API-ы қысқа мәтінді санаттау үшін негізгі дерек ретінде қандай мәтінді пайдаланады? Жауап: Жүйе негізгі дерек ретінде UTF-8 мәтінді пайдаланады.,873,110,983,1.6824132640003882,,,False,,,,,
78,baseline,3,3469508596.0,False,parsing,Сұрақ: API қысқа мәтінді санаттау үшін негізгі дерек ретінде қандай мәтінді пайдаланады?,873,57,930,0.8919388570002411,,,False,,,,,
78,baseline,5,1543576923.0,False,parsing,Сұрақ: Қазақ мәтінін жіктеу API-ының негізгі деректері қандай?,873,41,914,0.6538191630006622,,,False,,,,,
79,baseline,1,1364617514.0,False,parsing,Сұрақ: Ақылды жылыжай контроллерінің негізгі деректері қандай түрдегі датчиктерді пайдаланады? Жауап: Жүйе негізгі дерек ретінде екі типті датчик пайдаланады.,860,86,946,1.3241398559994195,,,False,,,,,
79,baseline,2,847500187.0,False,parsing,"Сұрақ: Ақылды жылыжай контроллері қандай параметрлерді басқарады? Жауап: ""Ақылды жылыжай контроллері температура мен ылғалды басқарады.""",860,74,934,1.1459088020001218,,,False,,,,,
79,baseline,3,2784856624.0,False,parsing,Сұрақ: Ақылды жылыжай контроллері қандай екі типті датчикті негізгі дерек ретінде пайдаланады және деректер қаншалықты жиі жаңартылады? Жауап: Деректер әр бес минут сайын жаңартылып отырады.,860,107,967,1.6370545119998496,,,False,,,,,
79,baseline,4,3519402250.0,False,parsing,Сұрақ: Жүйенің негізгі күйі қайда көрсетіледі? Жауап: Жүйенің негізгі күйі басқару панелінде көрсетіледі.,860,79,939,1.2194895949996862,,,False,,,,,
8,baseline,1,626425509.0,False,parsing,Сұрақ: Аула клубында үстел ойындары кеші қанша уақытқа созылады? Жауап: Кеш екі сағатқа созылады.,875,66,941,1.0277898300000743,,,False,,,,,
8,baseline,2,3537694072.0,False,parsing,Сұрақ: Қатысушылардың жасы қандай болуы керек? Жауап: қатысу жасы 12–17 жас.,875,50,925,0.7890025159995275,,,False,,,,,
8,baseline,3,2967980856.0,False,parsing,Сұрақ: Қатысушылардың жас талабы қандай? Жауап: қатысушыларға арналған негізгі талап: қатысу жасы 12–17 жас.,875,72,947,1.1170106930003385,,,False,,,,,
8,baseline,5,547648809.0,False,parsing,Сұрақ: Аула клубында үстел ойындары кешіне қатысушылар қанша жаста болуы керек? Жауап: Қатысушылар үшін негізгі талап – қатысу жасы 12-17 жас.,875,86,961,1.3254980069996236,,,False,,,,,
80,baseline,1,3050265697.0,False,parsing,Сұрақ: NLP өтінім санаттау модулі негізгі дерек ретінде нені пайдаланады? Жауап: Қысқа өтінім мәтіні.,902,65,967,1.0126510610007244,,,False,,,,,
80,baseline,2,61438498.0,False,parsing,Сұрақ: Негізгі дерек ретінде қандай мәтін пайдаланылады және жүйе қандай деректерді жаңартады?,902,59,961,0.9222550979993684,,,False,,,,,
80,baseline,3,1412504340.0,False,parsing,Сұрақ: Негізгі дерек ретінде өтінім санаттау модулінде қандай деректер пайдаланылады?,902,47,949,0.7440383250004743,,,False,,,,,
80,baseline,5,3013727035.0,False,parsing,Сұрақ: NLP өтінім санаттау модулінің негізгі дерек ретінде қандай деректер пайдаланылады? Жауап: қысқа өтінім мәтіні.,902,72,974,1.1176491429996531,,,False,,,,,
81,baseline,1,3677401085.0,False,parsing,"Сұрақ: Қалалық әкімдікте іске қосылатын жаңа автобус бағыттары қандай? Жауап: Бағдарлама аясында жаңа бағыттар вокзал, солтүстік аудан және университет қалашығын байланыстырады.",898,112,1010,1.7134982950001358,,,False,,,,,
81,baseline,2,2877222822.0,False,parsing,Сұрақ: Жаңа автобус бағыттары іске қосылған кезде әр бағытта қанша автобус болады? Жауап: әр бағытта 12 автобус болады.,898,77,975,1.1916691340002217,,,False,,,,,
81,baseline,3,4153967589.0,False,parsing,"Сұрақ: Жаңа автобус бағыттары бойынша әр бағытта қанша автобус жүреді? Жауап: ""Іс-шара немесе жоба жұма күні. әр бағытта 12 автобус болады.""",898,91,989,1.4001524379991679,,,False,,,,,
81,baseline,4,4226702519.0,False,parsing,"Сұрақ: Қалалық әкімдікте қандай жаңа автобус бағыттары іске қосылады? Жауап: Жаңа автобус бағыттары вокзал, солтүстік аудан және университет қалашығын байланыстырады.",898,103,1001,1.5781136119994699,,,False,,,,,
81,baseline,5,3654769256.0,False,parsing,Сұрақ: Жаңа автобус бағыттары іске қосылған күн қай күн?,898,43,941,0.6841631639999832,,,False,,,,,
82,baseline,1,2948788167.0,False,parsing,Сұрақ: Күн мен уақыт бойынша кітап фестивалі қашан өтеді?,889,40,929,0.6391614629992546,,,False,,,,,
82,baseline,2,788272466.0,False,parsing,Сұрақ: Жас авторлар кітап фестивалі сенбі күні қай уақытта өтеді? Жауап: Іс-шара немесе жоба сенбі күні 11:00–18:00.,889,74,963,1.1454921820004529,,,False,,,,,
82,baseline,3,304442180.0,False,parsing,Сұрақ: Өңірлік кітапханада жас авторлар кітап фестивалі қашан өтеді және қай күнде кіру тегін? Жауап: Іс-шара немесе жоба сенбі күні 11:00–18:00.,889,95,984,1.4581024290000641,,,False,,,,,
82,baseline,4,3977700119.0,False,parsing,Қай күні және сағатта өңірлік кітапханада жас авторлар кітап фестивалі өтеді?,889,51,940,0.8030399159997614,,,False,,,,,
83,baseline,1,1047614772.0,False,parsing,Сұрақ: Орталық саябақта жоспарланған саябақты жаңартудың екінші кезеңі қандай болады?,902,58,960,0.9081205380007304,,,False,,,,,
83,baseline,2,2253252651.0,False,parsing,"Сұрақ: Орталық саябақты жаңартудың бірінші кезеңі қандай болды? Жауап: 2,3 км жол, 86 орындық және үш алаң жаңартылды.",902,85,987,1.3107546960000036,,,False,,,,,
83,baseline,5,1967949429.0,False,parsing,Сұрақ: Орталық саябақтағы саябақты жаңартудың бірінші кезеңіне қандай өзгерістер енгізілді?,902,65,967,1.0128320500007248,,,False,,,,,
84,baseline,2,1800999154.0,False,parsing,Сұрақ: Өңірлік ауруханада жаңа диагностикалық бөлім ашылғаны туралы қандай мәліметтер бар?,856,56,912,0.8771895869995205,,,False,,,,,
84,baseline,4,442369744.0,False,parsing,Сұрақ: Жаңа диагностикалық бөлімде қанша пациент қабылданады? Жауап: күніне шамамен 120 пациент.,856,57,913,0.8911494579997452,,,False,,,,,
84,baseline,5,1880326026.0,False,parsing,Сұрақ: Жаңа диагностикалық бөлімнің жұмыс уақыты қандай? Жауап: Бөлім жұмыс күндері 08:00–18:00 ашық.,856,76,932,1.1752787929999613,,,False,,,,,
85,baseline,1,3812013266.0,False,parsing,Сұрақ: Бірлескен зертхана құруға қатысатын студенттер мен зерттеушілердің жалпы саны қанша? Жауап: 16,872,62,934,0.9677906590004568,,,False,,,,,
85,baseline,2,410375959.0,False,parsing,"Сұрақ: Бірлескен зертхананы құру бағдарламасы аясында қандай жобалар жүргізіледі? Жауап: AI, робототехника және деректер талдауы жобалары.",872,83,955,1.2803855260008277,,,False,,,,,
85,baseline,3,4217541740.0,False,parsing,Сұрақ: Жергілікті университеттегі бірлескен зертхананың мақсаты қандай? Жауап: Бағдарламаның мақсаты – ғылыми жобаларды практикамен байланыстыру.,872,83,955,1.2803442749991518,,,False,,,,,
85,baseline,4,4047906879.0,False,parsing,"Сұрақ: Жергілікті университетте бірлескен зертхана құрылатыны туралы хабарланды, бұл жобаның мақсаты қандай? Жауап: Бұл өзгеріс ғылыми жобаларды практикамен байланыстыруға бағытталған.",872,108,980,1.6534335329997703,,,False,,,,,
85,baseline,5,1095776523.0,False,parsing,"Сұрақ: Бірлескен зертханаға қатысатын студенттер саны қанша және бұл зертхана қай салаларда жұмыс істейді? Жауап: Бірлескен зертханаға 12 студент және төрт жас зерттеуші қатысады. Бағдарлама аясында AI, робототехника және деректер талдауы жобалары жүргізіледі.",872,155,1027,2.35451872700105,,,False,,,,,
86,baseline,3,1655672399.0,False,parsing,Сұрақ: Қысқы маусымға дайындықтың аяқталуы туралы хабарландыруда қандай материалдар мен техникалар дайындалды? Жауап: 18 мың тонна материал және 210 техника дайын.,897,91,988,1.4002337099991564,,,False,,,,,
86,baseline,4,1267337750.0,False,parsing,Сұрақ: Қалалық коммуналдық қызмет оқиға немесе жоба басталғанға дейін қысқы маусымға қандай дайындықтарды жүзеге асырды? Жауап: Іс-шара немесе жоба басталғанға дейін 18 мың тонна материал және 210 техника дайын.,897,134,1031,2.0418141489990376,,,False,,,,,
86,baseline,5,3404270071.0,False,parsing,Сұрақ: Қалалық коммуналдық қызмет қысқы маусымға дайындық аяқталғаны туралы қашан хабарлады?,897,64,961,0.9973597690004681,,,False,,,,,
87,baseline,1,3905164903.0,False,parsing,Сұрақ: Өңірлік кәсіпкерлік орталығындағы шағын бизнес гранттарының төрт апталық қабылдау кезеңіне қанша миллион теңге дейін беріледі?,909,92,1001,1.4154364010009886,,,False,,,,,
87,baseline,2,914118116.0,False,parsing,Сұрақ: Өңірлік кәсіпкерлік орталығындағы шағын бизнес гранттарына жобалардың қабылдану мерзімі қанша? Жауап: Төрт апталық қабылдау кезеңінде.,909,99,1008,1.5199363040010212,,,False,,,,,
87,baseline,4,473285319.0,False,parsing,Сұрақ: Өңірлік кәсіпкерлік орталығында шағын бизнес гранттарының қабылдау кезеңі қанша уақытқа созылады? Жауап: Төрт апталық қабылдау кезеңі.,909,105,1014,1.6081602359990939,,,False,,,,,
87,baseline,5,1729429198.0,False,parsing,"Сұрақ: ""Бағдарлама аясында қандай жобалар қабылданады және бір жобаға қанша грант беріледі?"" Жауап: ""Бағдарлама аясында өндіріс, қызмет және цифрлық өнім жобалары қабылданады. Бір жобаға 5 миллион теңгеге дейін грант беріледі.""",909,147,1056,2.2377120049986843,,,False,,,,,
88,baseline,1,1885994491.0,False,parsing,"Сұрақ: Қала орталығындағы жартылай марафонда қандай қашықтықтар бар? Жауап: 21,1 км, 10 км және 5 км қашықтықтары бар.",875,81,956,1.2509543060004944,,,False,,,,,
88,baseline,5,3072675390.0,False,parsing,Сұрақ: Жартылай марафон іс-шарасы қай күні және қай уақытта басталады? Жауап: Жартылай марафон іс-шарасы жексенбі күні 08:00-де басталады.,875,87,962,1.3396715489998314,,,False,,,,,
89,baseline,1,1215034622.0,False,parsing,Сұрақ: Жаңа сумен жабдықтау нысаны іске қосылған аптада қанша елді мекен қамтылады?,880,54,934,0.8468216239998583,,,False,,,,,
89,baseline,2,4057413558.0,False,parsing,Сұрақ: Жаңа сумен жабдықтау нысанын іске қосумен қандай елді мекендер қамтылды? Жауап: Үш елді мекен.,880,66,946,1.0256018100008077,,,False,,,,,
89,baseline,3,1662225527.0,False,parsing,Сұрақ: Жаңа сумен жабдықтау нысанының аясында қанша құбыр пайдалануға берілді? Жауап: 38 км құбыр пайдалануға берілді.,880,79,959,1.2192638760006957,,,False,,,,,
89,baseline,5,309692053.0,False,parsing,"Сұрақ: Жаңа сумен жабдықтау нысаны қанша тұрғынды қамтиды және ол қанша құбыр мен резервуардан тұрады? Жауап: Құбырлардың ұзындығы 38 км, резервуарлар саны екіге тең. Нысан үш елді мекенде 4200 тұрғынды қамтиды.",880,145,1025,2.2038842140009365,,,False,,,,,
9,baseline,1,1690386732.0,False,parsing,"Сұрақ: қалалық жағалау жолының ұзындығы қанша? Жауап: ""Нысанда 4,8 километр маршрут негізгі орын және екі су бұрқағы қосымша қызмет аймағы бар.""",906,101,1007,1.549905525000213,,,False,,,,,
9,baseline,2,1319955279.0,False,parsing,Сұрақ: Сабынды жағалаудағы жаяу серуендеу бағытындағы негізгі орын қандай?,906,52,958,0.8187260539998533,,,False,,,,,
9,baseline,3,430767762.0,False,parsing,"Сұрақ: Қалалық жағалаудағы жаяу серуендеу маршрутының ұзындығы қанша? Жауап: Нысанда 4,8 километр маршрут.",906,70,976,1.0868288809997466,,,False,,,,,
9,baseline,4,3772210467.0,False,parsing,Сұрақ: Қалалық жағалаудағы жаяу серуендеу маршрутында қосымша қызмет аймағында қанша су бұрқағы бар?,906,71,977,1.1019763610001974,,,False,,,,,
9,baseline,5,4283770578.0,False,parsing,"Сұрақ: Қалалық жағалаудағы жаяу серуендегі негізгі орын мен қосымша қызмет аймағы қандай? Жауап: Нысанда 4,8 километр маршрут негізгі орын және екі су бұрқағы қосымша қызмет аймағы бар.",906,121,1027,1.8483515930001886,,,False,,,,,
90,baseline,1,1938139776.0,False,parsing,"Сұрақ: Өңірлік музейде сирек фотосуреттер көрмесі кезінде қандай көрсетілімдер көрсетіледі? Жауап: Бағдарлама аясында қала құрылысы, көлік тарихы және күнделікті өмір көрсетіледі.",885,125,1010,1.9068038650002563,,,False,,,,,
90,baseline,3,786466719.0,False,parsing,Сұрақ: Өңірлік музейде сирек фотосуреттер көрмесіне қандай бағдарлама қамтылған?,885,54,939,0.8472586649986624,,,False,,,,,
90,baseline,4,1559461578.0,False,parsing,"Сұрақ: Қайтыс болғаннан кейінгі өмірдің мәні неде? Жауап: Қайтыс болғаннан кейінгі өмірдің мәні, сіздің мұраңыздың өмір сүруі және дүниеге жаңа құндылықтар әкелуі.",885,130,1015,1.9817776370000502,,,False,,,,,
91,baseline,3,52778554.0,False,parsing,Сұрақ: Қалалық әуежайдағы әуежай қызмет аймағының кеңеюіне қатысты іс-шара немесе жоба кезінде қандай жаңа нысандар ашылды?,886,86,972,1.3239399080011935,,,False,,,,,
91,baseline,4,3626677281.0,False,parsing,Сұрақ: Әуежайдағы бағдарлама аясында қандай өзгерістер енгізілді?,886,47,933,0.7428694019999966,,,False,,,,,
91,baseline,5,1706184836.0,False,parsing,Сұрақ: Қалалық әуежайдағы әуежай қызмет аймағын кеңейту жобасының мақсаты қандай? Жауап: Бұл өзгеріс қарбалас уақыттағы кезекті азайтуға бағытталған.,886,116,1002,1.7707307410000794,,,False,,,,,
92,baseline,3,3874287655.0,False,parsing,Сұрақ: Жаңа оқу жылында мектептерде күн панельдері орнатылған әрбір мектептің сыйымдылығы қандай болды?,887,68,955,1.0570532999990974,,,False,,,,,
92,baseline,4,160987917.0,False,parsing,Сұрақ: Жаңа оқу жылында әр мектепте қанша кВт панель орнатылды?,887,43,930,0.6844127500007744,,,False,,,,,
92,baseline,5,1218209951.0,False,parsing,Сұрақ: Жаңа оқу жылында әр мектепте қанша кВт панель орнатылды? Жауап: әр мектепте 50 кВт панель орнатылды.,887,67,954,1.0426238000000012,,,False,,,,,
94,baseline,1,3425087659.0,False,parsing,"Сұрақ: Табиғи паркте ашылған туристік бағдарлама қанша уақытқа созылады және маршрут қанша уақытқа созылады? Жауап: Табиғи паркте ашылған туристік бағдарлама сәуірден қазанға дейін созылады. Маршрут 7,5 км және шамамен үш сағат.",874,148,1022,2.2479264450012124,,,False,,,,,
94,baseline,2,1157773803.0,False,parsing,"Сұрақ: Өңірлік табиғи паркте жаңа туристік маршрут қашан ашылады және қанша уақытқа созылады? Жауап: Сәуір мен қазан аралығында, маршрут үш сағатқа созылады.",874,105,979,1.6070021060004365,,,False,,,,,
94,baseline,3,79368785.0,False,parsing,"Сұрақ: Өңірлік табиғи паркте ашылған жаңа туристік маршруттың ұзындығы қанша және оны жүру уақыты қанша уақытты алады? Жауап: Маршрут 7,5 км ұзындықта және оны жүру үшін шамамен үш сағат қажет.",874,137,1011,2.0835563599994202,,,False,,,,,
94,baseline,4,2440592244.0,False,parsing,"Сұрақ: Өңірлік табиғи саябақтағы жаңа туристік маршруттың ұзақтығы қанша? Жауап: маршрут 7,5 км және шамамен үш сағат.",874,86,960,1.323814298999423,,,False,,,,,
94,baseline,5,2514863399.0,False,parsing,"Сұрақ: Өңірлік табиғи паркте жаңа туристік маршруттың ұзақтығы мен қашықтығы қандай? Жауап: «Маршрут 7,5 км және шамамен үш сағат».",874,94,968,1.4430856609997136,,,False,,,,,
95,baseline,1,1626074864.0,False,parsing,Сұрақ: Жаңа өрт сөндіру депосының негізгі мақсаты қандай? Жауап: «Бұл өзгеріс шақыруға жетудің уақытын қысқартуға бағытталған».,938,102,1040,1.5654453250008373,,,False,,,,,
95,baseline,2,994562077.0,False,parsing,"Сұрақ: Жаңа өрт сөндіру депосында қанша қызметкер кезекшілікте болады? Жауап: ""46 қызметкер және үш негізгі техника кезекшілік етеді.""",938,89,1027,1.371243229999891,,,False,,,,,
95,baseline,3,202655455.0,False,parsing,"Сұрақ: Жаңа өрт сөндіру депосында қандай бағдарлама аясында төрт гараж, диспетчерлік бөлме және жаттығу аймағы жұмыс істейді?",938,91,1029,1.4009023109992995,,,False,,,,,
95,baseline,4,2894505217.0,False,parsing,Сұрақ: Жаңа өрт сөндіру депосы ашылатын қаланың шығыс бөлігінде қанша қызметкер мен негізгі техника кезекшілік етеді? Жауап: 46 қызметкер және үш негізгі техника кезекшілік етеді.,938,117,1055,1.7891236420000496,,,False,,,,,
95,baseline,5,1723344772.0,False,parsing,Сұрақ: Жаңа өрт сөндіру депосының ашылуы кезінде жұмыс істейтін қызметкерлердің саны қанша? Жауап: 46 қызметкер және үш негізгі техника кезекшілік етеді.,938,105,1043,1.610315529998843,,,False,,,,,
96,baseline,4,3356792868.0,False,parsing,Сұрақ: Қандай дақылдардың тұқымы мен жанармай кестесі құрылды? Жауап: Дәнді және майлы дақылдар бойынша тұқым мен жанармай кестесі құрылды.,854,96,950,1.4731033669995668,,,False,,,,,
97,baseline,1,313996849.0,False,parsing,Сұрақ: Жаңа шығармашылық хабтың бағдарламасына қандай төрт негізгі кеңістік кіреді?,873,62,935,0.9668222439995589,,,False,,,,,
97,baseline,2,2138981627.0,False,parsing,"Сұрақ: Қаланың орталығындағы шығармашылық хабтың бағдарламасына қандай негізгі кеңістіктер кіреді? Жауап: Дыбыс студиясы, фото аймақ, сахна және коворкинг.",873,101,974,1.5482913489995553,,,False,,,,,
97,baseline,3,4090899953.0,False,parsing,"Сұрақ: Қала орталығындағы жаңа шығармашылық хабта жұмыс істейтін негізгі кеңістіктер қандай? Жауап: Бағдарлама аясында дыбыс студиясы, фото аймақ, сахна және коворкинг жұмыс істейді.",873,120,993,1.8320136160000402,,,False,,,,,
97,baseline,4,3367934496.0,False,parsing,"Сұрақ: Бағдарлама аясында қандай төрт негізгі кеңістік бар? Жауап: Дыбыс студиясы, фото аймақ, сахна және коворкинг.",873,73,946,1.1311371880001388,,,False,,,,,
97,baseline,5,3916333686.0,False,parsing,"Сұрақ: Жаңа шығармашылық хабтың төрт негізгі кеңістігі қандай? Жауап: Бағдарлама аясында дыбыс студиясы, фото аймақ, сахна және коворкинг жұмыс істейді.",873,104,977,1.5928038099991682,,,False,,,,,
98,baseline,1,1277670316.0,False,parsing,Сұрақ: Маусымдық вакцинацияның мақсаты қандай? Жауап: Ұйымдастырушылар бұл өзгеріс маусымдық инфекциядан қорғауға бағытталғанын мәлімдеді.,860,93,953,1.4281204359995172,,,False,,,,,
98,baseline,2,3514044163.0,False,parsing,Сұрақ: Маусымдық вакцинацияның мақсаты қандай? Жауап: Бұл өзгеріс маусымдық инфекциядан қорғауға бағытталған.,860,76,936,1.1750048699996114,,,False,,,,,
98,baseline,3,2516522435.0,False,parsing,Сұрақ: Қалалық емханаларда маусымдық вакцинация басталғандығы туралы хабарланды? Жауап: Іс-шара немесе жоба осы аптадан бастап бірнеше басым топқа бірінші кезекте ұсынылады.,860,99,959,1.5172643490004702,,,False,,,,,
98,baseline,4,2442024054.0,False,parsing,Сұрақ: Қалалық емханаларда маусымдық вакцинацияның мақсаты қандай? Жауап: Ұйымдастырушылар бұл өзгеріс маусымдық инфекциядан қорғауға бағытталғанын мәлімдеді.,860,105,965,1.606413251000049,,,False,,,,,
98,baseline,5,292752343.0,False,parsing,Сұрақ: Маусымдық вакцинация іс-шарасы басталатын аптада қандай топтар бірінші кезекте ұсынылады? Жауап: Іс-шара немесе жоба осы аптадан бірнеше басым топқа бірінші кезекте ұсынылады.,860,101,961,1.5470222189997003,,,False,,,,,
99,baseline,1,3746224751.0,False,parsing,"Сұрақ: Өзен жағалауын бекіту жұмыстарының бірінші кезеңі қандай қамтылған? Жауап: Бірінші кезеңде 1,8 км жағалау қамтылады.",900,90,990,1.384262294999644,,,False,,,,,
99,baseline,2,3084650949.0,False,parsing,Сұрақ: Өңірдегі өзен жағалауын бекіту жұмыстарының бірінші кезеңі қандай қамтылған?,900,66,966,1.0270478559996263,,,False,,,,,
99,baseline,3,258381712.0,False,parsing,Сұрақ: Өңірдегі өзен жағалауын бекіту жұмыстарының бірінші кезеңінде қанша жағалау қамтылады?,900,71,971,1.1012537780006824,,,False,,,,,
