id,text,domain,word_count
1,Қалалық кітапханада жаңа оқу залы ұйымдастырылды. Нысанда 120 орын негізгі орын және 18 компьютер қосымша қызмет аймағы бар. Қызмет көрсету кестесі: жұмыс күндері 09:00–20:00. Топтық жұмысқа арналған төрт шағын бөлме бар. Балалар бұрышы бірінші қабатта орналасқан. Қатысушыларға арналған негізгі талап: компьютерді пайдалану үшін оқырман билеті қажет. Қызмет туралы ақпарат тіркеу немесе ақпарат бөлімінде беріледі. Ай сайын пайдалану көрсеткіштері мен келушілер пікірлері бойынша қысқа есеп жасалады. Қызметтің негізгі көрсеткіштері тоқсан сайын қайта қаралады. Қажет болған жағдайда кесте немесе ұйымдастыру тәртібі келушілердің кері байланысына сәйкес жаңартылады.,general,84
10,Аудандық емханада алдын ала жазылу жүйесі ұйымдастырылды. Нысанда үш жазылу арнасы негізгі орын және бір мобильді қосымша қосымша қызмет аймағы бар. Қызмет көрсету кестесі: тәулік бойы онлайн. Дәрігердің бос уақыты нақты уақытта көрсетіледі. Талдау нәтижелері қосымшада жарияланады. Қатысушыларға арналған негізгі талап: жазылуды қабылдауға екі сағат қалғанға дейін өзгертуге болады. Қызмет туралы ақпарат тіркеу немесе ақпарат бөлімінде беріледі. Ай сайын пайдалану көрсеткіштері мен келушілер пікірлері бойынша қысқа есеп жасалады. Қызметтің негізгі көрсеткіштері тоқсан сайын қайта қаралады. Қажет болған жағдайда кесте немесе ұйымдастыру тәртібі келушілердің кері байланысына сәйкес жаңартылады.,general,87
100,"Техникалық университетте студенттік стартаптар көрмесі өткені туралы хабарланды. Іс-шара немесе жоба осы аптада. 32 команда және үш грант жеңімпазы болды. Бағдарлама аясында робототехника, білім, медицина және экология прототиптері таныстырылды. Ұйымдастырушылар бұл өзгеріс студенттік инновацияны дамытуға бағытталғанын мәлімдеді. Келесі кезеңде жеңімпаздар инкубациялық бағдарламада жұмысын жалғастырады. Бірнеше команда инвесторлармен жеке кездесуге шақырылды. Қосымша ақпарат ресми ақпарат арнасы арқылы жарияланады. Жоба немесе іс-шара бойынша аралық нәтиже кейінірек жарияланады. Ұйымдастырушылар тұрғындар мен қатысушыларға өзгерістер туралы алдын ала хабарлауды жоспарлап отыр.",news,76
11,Шағын кофеханада жергілікті суретшілер көрмесі ұйымдастырылды. Нысанда 15 жұмыс негізгі орын және бес фотоға дейін өтінім қосымша қызмет аймағы бар. Қызмет көрсету кестесі: алты апта сайын. Қатысу ақысыз. Сатылымнан комиссия алынбайды. Қатысушыларға арналған негізгі талап: өтінім электрондық пошта арқылы беріледі. Қызмет туралы ақпарат тіркеу немесе ақпарат бөлімінде беріледі. Ай сайын пайдалану көрсеткіштері мен келушілер пікірлері бойынша қысқа есеп жасалады. Қызметтің негізгі көрсеткіштері тоқсан сайын қайта қаралады. Қажет болған жағдайда кесте немесе ұйымдастыру тәртібі келушілердің кері байланысына сәйкес жаңартылады.,general,78
12,Тұрғын үй ауласында ортақ аула бақшасы ұйымдастырылды. Нысанда 24 жеке төсек негізгі орын және төрт ортақ төсек қосымша қызмет аймағы бар. Қызмет көрсету кестесі: маусым бойы. Суару автоматты түрде таңертең және кешке жүреді. Құралдар ортақ қоймада сақталады. Қатысушыларға арналған негізгі талап: химиялық пестицид қолдануға болмайды. Қызмет туралы ақпарат тіркеу немесе ақпарат бөлімінде беріледі. Ай сайын пайдалану көрсеткіштері мен келушілер пікірлері бойынша қысқа есеп жасалады. Қызметтің негізгі көрсеткіштері тоқсан сайын қайта қаралады. Қажет болған жағдайда кесте немесе ұйымдастыру тәртібі келушілердің кері байланысына сәйкес жаңартылады.,general,83
13,Қалалық мұражайда өлкетану экспозициясы ұйымдастырылды. Нысанда 260 зат негізгі орын және 90 фотосурет қосымша қызмет аймағы бар. Қызмет көрсету кестесі: 10:00–18:00. Үш тілде аудиогид ұсынылады. Мектеп топтарына 45 минуттық экскурсия бар. Қатысушыларға арналған негізгі талап: дүйсенбі күні мұражай жабық. Қызмет туралы ақпарат тіркеу немесе ақпарат бөлімінде беріледі. Ай сайын пайдалану көрсеткіштері мен келушілер пікірлері бойынша қысқа есеп жасалады. Қызметтің негізгі көрсеткіштері тоқсан сайын қайта қаралады. Қажет болған жағдайда кесте немесе ұйымдастыру тәртібі келушілердің кері байланысына сәйкес жаңартылады.,general,77
14,Қала ауданында үй жануарларын серуендету алаңы ұйымдастырылды. Нысанда 1800 шаршы метр негізгі орын және екі бөлек сектор қосымша қызмет аймағы бар. Қызмет көрсету кестесі: тәулік бойы. Су ыдыстары мен кедергілер жолағы бар. Кешкі жарық автоматты қосылады. Қатысушыларға арналған негізгі талап: ит иесі екпе құжаттарын алып жүруі тиіс. Қызмет туралы ақпарат тіркеу немесе ақпарат бөлімінде беріледі. Ай сайын пайдалану көрсеткіштері мен келушілер пікірлері бойынша қысқа есеп жасалады. Қызметтің негізгі көрсеткіштері тоқсан сайын қайта қаралады. Қажет болған жағдайда кесте немесе ұйымдастыру тәртібі келушілердің кері байланысына сәйкес жаңартылады.,general,85
15,Аудан орталығында тегін құқықтық кеңес пункті ұйымдастырылды. Нысанда 30 минуттық кеңес негізгі орын және төрт құқық тақырыбы қосымша қызмет аймағы бар. Қызмет көрсету кестесі: сейсенбі және бейсенбі 15:00–19:00. Алдын ала жазылу қолданылады. Қажет құжаттардың көшірмесін әкелуге болады. Қатысушыларға арналған негізгі талап: пункт сотта өкілдік көрсетпейді. Қызмет туралы ақпарат тіркеу немесе ақпарат бөлімінде беріледі. Ай сайын пайдалану көрсеткіштері мен келушілер пікірлері бойынша қысқа есеп жасалады. Қызметтің негізгі көрсеткіштері тоқсан сайын қайта қаралады. Қажет болған жағдайда кесте немесе ұйымдастыру тәртібі келушілердің кері байланысына сәйкес жаңартылады.,general,83
16,Қоғамдық орталықта цифрлық сауаттылық курсы ұйымдастырылды. Нысанда төрт апта негізгі орын және 14 адамдық топ қосымша қызмет аймағы бар. Қызмет көрсету кестесі: аптасына үш сабақ. Смартфон және электрондық қызметтер оқытылады. Қатысушыларға планшет қажет болса беріледі. Қатысушыларға арналған негізгі талап: курс егде жастағы тұрғындарға арналған. Қызмет туралы ақпарат тіркеу немесе ақпарат бөлімінде беріледі. Ай сайын пайдалану көрсеткіштері мен келушілер пікірлері бойынша қысқа есеп жасалады. Қызметтің негізгі көрсеткіштері тоқсан сайын қайта қаралады. Қажет болған жағдайда кесте немесе ұйымдастыру тәртібі келушілердің кері байланысына сәйкес жаңартылады.,general,82
17,Қалалық базарда азық-түлік қауіпсіздігі бақылауы ұйымдастырылды. Нысанда екі температура тексеруі негізгі орын және бір бақылау журналы қосымша қызмет аймағы бар. Қызмет көрсету кестесі: күн сайын. Күмәнді өнімнен зертхана сынама алады. Санитарлық нұсқаулық тоқсан сайын өтеді. Қатысушыларға арналған негізгі талап: шығу тегі туралы құжат міндетті. Қызмет туралы ақпарат тіркеу немесе ақпарат бөлімінде беріледі. Ай сайын пайдалану көрсеткіштері мен келушілер пікірлері бойынша қысқа есеп жасалады. Қызметтің негізгі көрсеткіштері тоқсан сайын қайта қаралады. Қажет болған жағдайда кесте немесе ұйымдастыру тәртібі келушілердің кері байланысына сәйкес жаңартылады.,general,82
18,Көпқабатты үйде кітап алмасу жобасы ұйымдастырылды. Нысанда үш кітапқа дейін негізгі орын және екі бөлек сөре қосымша қызмет аймағы бар. Қызмет көрсету кестесі: тәулік бойы. Балалар әдебиетіне жеке сөре бар. Еріктілер айына бір рет сөрені реттейді. Қатысушыларға арналған негізгі талап: оқулықтар мен жарнама материалдары қабылданбайды. Қызмет туралы ақпарат тіркеу немесе ақпарат бөлімінде беріледі. Ай сайын пайдалану көрсеткіштері мен келушілер пікірлері бойынша қысқа есеп жасалады. Қызметтің негізгі көрсеткіштері тоқсан сайын қайта қаралады. Қажет болған жағдайда кесте немесе ұйымдастыру тәртібі келушілердің кері байланысына сәйкес жаңартылады.,general,83
19,Орталық саябақта отбасылық велошеру ұйымдастырылды. Нысанда 12 километр негізгі орын және екі су пункті қосымша қызмет аймағы бар. Қызмет көрсету кестесі: жексенбі 09:00. Қозғалыс 10:00-де басталады. Бір медициналық бекет болады. Қатысушыларға арналған негізгі талап: дулыға кию және онлайн тіркелу міндетті. Қызмет туралы ақпарат тіркеу немесе ақпарат бөлімінде беріледі. Ай сайын пайдалану көрсеткіштері мен келушілер пікірлері бойынша қысқа есеп жасалады. Қызметтің негізгі көрсеткіштері тоқсан сайын қайта қаралады. Қажет болған жағдайда кесте немесе ұйымдастыру тәртібі келушілердің кері байланысына сәйкес жаңартылады.,general,78
2,"Қала орталығында қоғамдық бақ ұйымдастырылды. Нысанда 2,5 гектар аумақ негізгі орын және үш демалыс аймағы қосымша қызмет аймағы бар. Қызмет көрсету кестесі: күн сайын 06:00–23:00. 1,2 километр жаяу жол салынған. 340 ағаш пен 900 бұта отырғызылған. Қатысушыларға арналған негізгі талап: велосипедпен тек белгіленген жолда жүруге болады. Қызмет туралы ақпарат тіркеу немесе ақпарат бөлімінде беріледі. Ай сайын пайдалану көрсеткіштері мен келушілер пікірлері бойынша қысқа есеп жасалады. Қызметтің негізгі көрсеткіштері тоқсан сайын қайта қаралады. Қажет болған жағдайда кесте немесе ұйымдастыру тәртібі келушілердің кері байланысына сәйкес жаңартылады.",general,84
20,Аудандық әкімдікте қоғамдық кеңістік ұсыныстарын қабылдау ұйымдастырылды. Нысанда бір айлық қабылдау мерзімі негізгі орын және екі өтінім арнасы қосымша қызмет аймағы бар. Қызмет көрсету кестесі: бір ай бойы. Іріктелген жобалар қоғамдық талқылауға шығады. Қайталанатын өтінімдер біріктіріледі. Қатысушыларға арналған негізгі талап: өтінімде мәселе мен ұсынылған шешім болуы керек. Қызмет туралы ақпарат тіркеу немесе ақпарат бөлімінде беріледі. Ай сайын пайдалану көрсеткіштері мен келушілер пікірлері бойынша қысқа есеп жасалады. Қызметтің негізгі көрсеткіштері тоқсан сайын қайта қаралады. Қажет болған жағдайда кесте немесе ұйымдастыру тәртібі келушілердің кері байланысына сәйкес жаңартылады.,general,85
21,Академиялық жазу орталығы бірінші курс студенттері үшін іске қосылды. Бағдарламаның ұзақтығы бір семестр. Сабақтар жұмыс күндері 10:00–18:00. Қатысушылар эссе құрылымы мен дәйексөз беруді үйренеді. Сонымен қатар олар жеке 30 минуттық консультация алады. Кеңесші студенттің орнына мәтін жазбайды. Нәтижені бағалау тәсілі: жазбаша кері байланыс. Бағдарлама соңында қатысушыларға жеке кері байланыс беріледі. Оқу материалдары қатысушыларға электрондық форматта беріледі. Бағдарлама аяқталғаннан кейін ұйымдастырушылар қатысу және оқу нәтижелері бойынша қысқа қорытынды жасайды.,education,68
22,Робототехника үйірмесі жетінші сынып оқушылары үшін іске қосылды. Бағдарламаның ұзақтығы бір семестр. Сабақтар аптасына екі рет 90 минут. Қатысушылар датчиктер мен қозғалтқыштарды қолданады. Сонымен қатар олар сызық бойымен жүретін робот жасайды. Мектеп негізгі жабдықты береді. Нәтижені бағалау тәсілі: жоба көрсетілімі. Бағдарлама соңында қатысушыларға жеке кері байланыс беріледі. Оқу материалдары қатысушыларға электрондық форматта беріледі. Бағдарлама аяқталғаннан кейін ұйымдастырушылар қатысу және оқу нәтижелері бойынша қысқа қорытынды жасайды.,education,65
23,Өндірістік тәжірибеге дайындық бағдарламасы екінші курс студенттері үшін іске қосылды. Бағдарламаның ұзақтығы алты апта. Сабақтар аптасына екі сабақ. Қатысушылар түйіндеме мен сұхбат дағдыларын дамытады. Сонымен қатар олар еңбек қауіпсіздігін үйренеді. Жергілікті компания мамандары семинар өткізеді. Нәтижені бағалау тәсілі: сынақ сұхбаты. Бағдарлама соңында қатысушыларға жеке кері байланыс беріледі. Оқу материалдары қатысушыларға электрондық форматта беріледі. Бағдарлама аяқталғаннан кейін ұйымдастырушылар қатысу және оқу нәтижелері бойынша қысқа қорытынды жасайды.,education,65
24,Оқу сауаттылығы жобасы орта мектеп оқушылары үшін іске қосылды. Бағдарламаның ұзақтығы бір тоқсан. Сабақтар ай сайын бір кітап. Қатысушылар көркем немесе ғылыми-көпшілік кітап оқиды. Сонымен қатар олар 40 минуттық пікірталас жүргізеді. Мұғалім тек бағыттаушы рөл атқарады. Нәтижені бағалау тәсілі: қатысу мен дәлелді пікір. Бағдарлама соңында қатысушыларға жеке кері байланыс беріледі. Оқу материалдары қатысушыларға электрондық форматта беріледі. Бағдарлама аяқталғаннан кейін ұйымдастырушылар қатысу және оқу нәтижелері бойынша қысқа қорытынды жасайды.,education,68
25,Зертханалық қауіпсіздік бағдарламасы университет студенттері үшін іске қосылды. Бағдарламаның ұзақтығы бір семестр. Сабақтар әр зертханалық сабақ алдында. Қатысушылар онлайн тест тапсырады. Сонымен қатар олар қауіпсіздік брифингіне қатысады. Қорғаныш көзілдірігі мен халат міндетті. Нәтижені бағалау тәсілі: 80 пайыздық тест шегі. Бағдарлама соңында қатысушыларға жеке кері байланыс беріледі. Оқу материалдары қатысушыларға электрондық форматта беріледі. Бағдарлама аяқталғаннан кейін ұйымдастырушылар қатысу және оқу нәтижелері бойынша қысқа қорытынды жасайды.,education,64
26,Математикадан қолдау бағдарламасы 8–9 сынып оқушылары үшін іске қосылды. Бағдарламаның ұзақтығы сегіз апта. Сабақтар дүйсенбі және сәрсенбі 45 минут. Қатысушылар диагностикалық тапсырмалар орындайды. Сонымен қатар олар жеке жаттығу жоспары бойынша жұмыс істейді. Топта ең көбі сегіз оқушы болады. Нәтижені бағалау тәсілі: төрт апта сайын прогресс тесті. Бағдарлама соңында қатысушыларға жеке кері байланыс беріледі. Оқу материалдары қатысушыларға электрондық форматта беріледі. Бағдарлама аяқталғаннан кейін ұйымдастырушылар қатысу және оқу нәтижелері бойынша қысқа қорытынды жасайды.,education,71
27,Онлайн курс әзірлеу семинары университет оқытушылары үшін іске қосылды. Бағдарламаның ұзақтығы екі күн. Сабақтар күн сайын екі сессия. Қатысушылар қысқа бейнедәріс дайындайды. Сонымен қатар олар автоматты тест құрастырады. Әр модульде кемінде бір бейне мен бес тест сұрағы болады. Нәтижені бағалау тәсілі: әріптестік бағалау. Бағдарлама соңында қатысушыларға жеке кері байланыс беріледі. Оқу материалдары қатысушыларға электрондық форматта беріледі. Бағдарлама аяқталғаннан кейін ұйымдастырушылар қатысу және оқу нәтижелері бойынша қысқа қорытынды жасайды.,education,68
28,Ғылыми жоба консультациясы 9–10 сынып оқушылары үшін іске қосылды. Бағдарламаның ұзақтығы оқу жылы. Сабақтар әр сәрсенбі 15:00–17:00. Қатысушылар зерттеу сұрағын нақтылайды. Сонымен қатар олар әдіс пен презентация бойынша кеңес алады. Бір консультация 20 минутқа созылады. Нәтижені бағалау тәсілі: мектепішілік конференция. Бағдарлама соңында қатысушыларға жеке кері байланыс беріледі. Оқу материалдары қатысушыларға электрондық форматта беріледі. Бағдарлама аяқталғаннан кейін ұйымдастырушылар қатысу және оқу нәтижелері бойынша қысқа қорытынды жасайды.,education,65
29,Кәсіби терминология тіл клубы колледж студенттері үшін іске қосылды. Бағдарламаның ұзақтығы бір семестр. Сабақтар аптасына бір рет. Қатысушылар 20 жаңа терминді үйренеді. Сонымен қатар олар қысқа презентация жасайды. Ай сайын салалық маман шақырылады. Нәтижені бағалау тәсілі: терминологиялық сөздік. Бағдарлама соңында қатысушыларға жеке кері байланыс беріледі. Оқу материалдары қатысушыларға электрондық форматта беріледі. Бағдарлама аяқталғаннан кейін ұйымдастырушылар қатысу және оқу нәтижелері бойынша қысқа қорытынды жасайды.,education,63
3,Аудандық мәдениет үйінде қолөнер орталығы ұйымдастырылды. Нысанда үш шеберхана негізгі орын және 12 адамдық топтар қосымша қызмет аймағы бар. Қызмет көрсету кестесі: аптасына екі рет. Керамика және ағаш өңдеу сабақтары өтеді. Айдың соңғы жұмасында шағын көрме болады. Қатысушыларға арналған негізгі талап: 16 жасқа толмағандар ата-анасының рұқсатымен қатысады. Қызмет туралы ақпарат тіркеу немесе ақпарат бөлімінде беріледі. Ай сайын пайдалану көрсеткіштері мен келушілер пікірлері бойынша қысқа есеп жасалады. Қызметтің негізгі көрсеткіштері тоқсан сайын қайта қаралады. Қажет болған жағдайда кесте немесе ұйымдастыру тәртібі келушілердің кері байланысына сәйкес жаңартылады.,general,85
30,Деректерді талдау курсы университет студенттері үшін іске қосылды. Бағдарламаның ұзақтығы бес апта. Сабақтар аптасына бір дәріс және бір практика. Қатысушылар Python мен визуализацияны қолданады. Сонымен қатар олар шағын деректер жобасын орындайды. Бағдарламалау тәжірибесі міндетті емес. Нәтижені бағалау тәсілі: практикалық жұмыс және жоба. Бағдарлама соңында қатысушыларға жеке кері байланыс беріледі. Оқу материалдары қатысушыларға электрондық форматта беріледі. Бағдарлама аяқталғаннан кейін ұйымдастырушылар қатысу және оқу нәтижелері бойынша қысқа қорытынды жасайды.,education,67
31,Цифрлық күнделік жүйесі ата-аналар мен оқушылар үшін іске қосылды. Бағдарламаның ұзақтығы оқу жылы. Сабақтар тәулік бойы онлайн. Қатысушылар сабақ кестесі мен бағаларды көреді. Сонымен қатар олар үй тапсырмасы мен хабарламаларды бақылайды. Жүйеге мобильді және веб-нұсқа арқылы кіруге болады. Нәтижені бағалау тәсілі: қолдану статистикасы. Бағдарлама соңында қатысушыларға жеке кері байланыс беріледі. Оқу материалдары қатысушыларға электрондық форматта беріледі. Бағдарлама аяқталғаннан кейін ұйымдастырушылар қатысу және оқу нәтижелері бойынша қысқа қорытынды жасайды.,education,68
32,Зерттеу әдістемесі интенсиві магистранттар үшін іске қосылды. Бағдарламаның ұзақтығы үш күн. Сабақтар күн сайын толық бағдарлама. Қатысушылар зерттеу сұрағын құрастырады. Сонымен қатар олар сандық және сапалық әдістерді салыстырады. Әр жоспарға екі оқытушы кері байланыс береді. Нәтижені бағалау тәсілі: қысқа зерттеу жоспары. Бағдарлама соңында қатысушыларға жеке кері байланыс беріледі. Оқу материалдары қатысушыларға электрондық форматта беріледі. Бағдарлама аяқталғаннан кейін ұйымдастырушылар қатысу және оқу нәтижелері бойынша қысқа қорытынды жасайды.,education,66
33,Кешігуді азайту пилоты мектеп оқушылары үшін іске қосылды. Бағдарламаның ұзақтығы бір тоқсан. Сабақтар сабақ 08:30-да басталады. Қатысушылар электрондық журнал арқылы кешігуді бақылайды. Сонымен қатар олар таңғы оқу аймағын пайдаланады. Үш себепсіз кешігуден кейін ата-анамен байланысады. Нәтижені бағалау тәсілі: тоқсан соңындағы салыстыру. Бағдарлама соңында қатысушыларға жеке кері байланыс беріледі. Оқу материалдары қатысушыларға электрондық форматта беріледі. Бағдарлама аяқталғаннан кейін ұйымдастырушылар қатысу және оқу нәтижелері бойынша қысқа қорытынды жасайды.,education,66
34,Ғылыми дерекқорлар тренингі университет студенттері үшін іске қосылды. Бағдарламаның ұзақтығы 90 минут. Сабақтар айдың соңғы бейсенбісінде. Қатысушылар кілт сөз және логикалық оператор қолданады. Сонымен қатар олар дәйексөз экспорттауды үйренеді. Орын саны 25 адаммен шектелген. Нәтижені бағалау тәсілі: тәжірибелік іздеу тапсырмасы. Бағдарлама соңында қатысушыларға жеке кері байланыс беріледі. Оқу материалдары қатысушыларға электрондық форматта беріледі. Бағдарлама аяқталғаннан кейін ұйымдастырушылар қатысу және оқу нәтижелері бойынша қысқа қорытынды жасайды.,education,65
35,Олимпиада дайындығы дарынды мектеп оқушылары үшін іске қосылды. Бағдарламаның ұзақтығы бір оқу жылы. Сабақтар аптасына екі рет. Қатысушылар теориялық материалды талдайды. Сонымен қатар олар күрделі есептер шешеді. Нәтиже әлсіз тақырыптарды анықтау үшін қолданылады. Нәтижені бағалау тәсілі: ай сайынғы сынақ олимпиадасы. Бағдарлама соңында қатысушыларға жеке кері байланыс беріледі. Оқу материалдары қатысушыларға электрондық форматта беріледі. Бағдарлама аяқталғаннан кейін ұйымдастырушылар қатысу және оқу нәтижелері бойынша қысқа қорытынды жасайды.,education,65
36,Шеберхана жабдығын брондау жүйесі техникалық колледж студенттері үшін іске қосылды. Бағдарламаның ұзақтығы оқу жылы. Сабақтар онлайн кесте арқылы. Қатысушылар станок пен өлшеу құралын брондайды. Сонымен қатар олар жабдық жағдайын журналға белгілейді. Бір брондау ең көбі екі сағат. Нәтижені бағалау тәсілі: пайдалану есебі. Бағдарлама соңында қатысушыларға жеке кері байланыс беріледі. Оқу материалдары қатысушыларға электрондық форматта беріледі. Бағдарлама аяқталғаннан кейін ұйымдастырушылар қатысу және оқу нәтижелері бойынша қысқа қорытынды жасайды.,education,67
37,Академиялық ұтқырлық бағдарламасы 2–3 курс студенттері үшін іске қосылды. Бағдарламаның ұзақтығы бір семестр. Сабақтар өтінім мерзімі төрт апта. Қатысушылар мотивациялық хат пен транскрипт тапсырады. Сонымен қатар олар сұхбаттан өтеді. Тіл сертификаты өтінімге қосылады. Нәтижені бағалау тәсілі: құжат және сұхбат бағасы. Бағдарлама соңында қатысушыларға жеке кері байланыс беріледі. Оқу материалдары қатысушыларға электрондық форматта беріледі. Бағдарлама аяқталғаннан кейін ұйымдастырушылар қатысу және оқу нәтижелері бойынша қысқа қорытынды жасайды.,education,65
38,"Презентация дағдысы жобасы мектеп оқушылары үшін іске қосылды. Бағдарламаның ұзақтығы бір тоқсан. Сабақтар әр оқушы бір рет. Қатысушылар үш минуттық баяндама жасайды. Сонымен қатар олар бес слайдқа дейін қолданады. Оқушылар бір-біріне қысқа кері байланыс береді. Нәтижені бағалау тәсілі: мазмұн, уақыт және сұраққа жауап. Бағдарлама соңында қатысушыларға жеке кері байланыс беріледі. Оқу материалдары қатысушыларға электрондық форматта беріледі. Бағдарлама аяқталғаннан кейін ұйымдастырушылар қатысу және оқу нәтижелері бойынша қысқа қорытынды жасайды.",education,68
39,Бірінші курсқа бейімделу бағдарламасы жаңа студенттер үшін іске қосылды. Бағдарламаның ұзақтығы екі апта. Сабақтар күн сайын тақырыптық сессия. Қатысушылар кампус пен академиялық ережелермен танысады. Сонымен қатар олар тәлімгермен апталық кездесу өткізеді. Әр топқа жоғары курс студенті тәлімгер болады. Нәтижені бағалау тәсілі: соңғы сауалнама. Бағдарлама соңында қатысушыларға жеке кері байланыс беріледі. Оқу материалдары қатысушыларға электрондық форматта беріледі. Бағдарлама аяқталғаннан кейін ұйымдастырушылар қатысу және оқу нәтижелері бойынша қысқа қорытынды жасайды.,education,68
4,Тұрғын үй кешенінде қалдықтарды бөлек жинау жүйесі ұйымдастырылды. Нысанда төрт контейнер түрі негізгі орын және бір арнайы батарея жәшігі қосымша қызмет аймағы бар. Қызмет көрсету кестесі: күн сайын қолжетімді. Қағаз аптасына үш рет шығарылады. Пластик пен шыны аптасына екі рет шығарылады. Қатысушыларға арналған негізгі талап: ірі қалдықтар айдың бірінші сенбісінде қабылданады. Қызмет туралы ақпарат тіркеу немесе ақпарат бөлімінде беріледі. Ай сайын пайдалану көрсеткіштері мен келушілер пікірлері бойынша қысқа есеп жасалады. Қызметтің негізгі көрсеткіштері тоқсан сайын қайта қаралады. Қажет болған жағдайда кесте немесе ұйымдастыру тәртібі келушілердің кері байланысына сәйкес жаңартылады.,general,89
40,Асхана ақпарат жүйесі мектеп оқушылары мен ата-аналар үшін іске қосылды. Бағдарламаның ұзақтығы оқу жылы. Сабақтар мәзір апта сайын жарияланады. Қатысушылар тағам құрамы мен аллергендерді көреді. Сонымен қатар олар вегетариандық нұсқаға тапсырыс береді. Мәзірде порция салмағы көрсетіледі. Нәтижені бағалау тәсілі: ай сайынғы ата-ана сауалнамасы. Бағдарлама соңында қатысушыларға жеке кері байланыс беріледі. Оқу материалдары қатысушыларға электрондық форматта беріледі. Бағдарлама аяқталғаннан кейін ұйымдастырушылар қатысу және оқу нәтижелері бойынша қысқа қорытынды жасайды.,education,68
41,"Қалалық ауа сапасы бойынша зерттеу жүргізілді. Зерттеуге 60 өлшеу нүктесі нысан немесе қатысушы енгізілді және олар бес бақылау аймағына бөлінді. Бақылау кезеңі төрт апта. Негізгі өлшемдердің бірі ұсақ бөлшектер концентрациясы, ал екіншісі температура мен ылғалдылық. Тәжірибеде өлшеулер таңертең, түсте және кешке бірдей құралмен жүргізілді. Нәтижелер бірнеше рет қайталанып, орташа мәндер салыстырылды. Бақылауда көлік тығыз аймақта бөлшек концентрациясы жоғары болды. Алынған деректер кейінгі зерттеу дизайнын нақтылау үшін пайдаланылды. Бастапқы деректер зерттеу журналында сақталды. Қорытынды жасау кезінде зерттеушілер өлшеу қатесі мен тәжірибе шектеулерін бөлек ескерді.",science,83
42,"Жарық ұзақтығының өсімдік өсуіне әсері бойынша зерттеу жүргізілді. Зерттеуге 60 өсімдік нысан немесе қатысушы енгізілді және олар үш топқа бөлінді. Бақылау кезеңі 30 күн. Негізгі өлшемдердің бірі өсімдік биіктігі, ал екіншісі жапырақ саны мен құрғақ масса. Тәжірибеде су мен температура барлық топта бірдей сақталды. Нәтижелер бірнеше рет қайталанып, орташа мәндер салыстырылды. Бақылауда 12 және 16 сағаттық топтар арасында өсу айырмашылығы байқалды. Алынған деректер кейінгі зерттеу дизайнын нақтылау үшін пайдаланылды. Бастапқы деректер зерттеу журналында сақталды. Қорытынды жасау кезінде зерттеушілер өлшеу қатесі мен тәжірибе шектеулерін бөлек ескерді.",science,85
43,"Жүрек соғуын өлшейтін құрылғыларды салыстыру бойынша зерттеу жүргізілді. Зерттеуге 40 ересек ерікті нысан немесе қатысушы енгізілді және олар екі құрылғы бойынша өлшенді. Бақылау кезеңі бір зертханалық сессия. Негізгі өлшемдердің бірі жүрек соғу жиілігі, ал екіншісі абсолюттік қате. Тәжірибеде бөлме температурасы барлық өлшеуде бірдей болды. Нәтижелер бірнеше рет қайталанып, орташа мәндер салыстырылды. Бақылауда құрылғылардың қателері әр жағдайдан кейін есептелді. Алынған деректер кейінгі зерттеу дизайнын нақтылау үшін пайдаланылды. Бастапқы деректер зерттеу журналында сақталды. Қорытынды жасау кезінде зерттеушілер өлшеу қатесі мен тәжірибе шектеулерін бөлек ескерді.",science,82
44,"Өзен суының сапасы бойынша зерттеу жүргізілді. Зерттеуге 27 су сынамасы нысан немесе қатысушы енгізілді және олар жоғарғы, орта және төменгі үш бөлікке бөлінді. Бақылау кезеңі үш маусым. Негізгі өлшемдердің бірі нитрат мөлшері, ал екіншісі рН және еріген оттегі. Тәжірибеде әр нүктеден қайталама сынама алынды. Нәтижелер бірнеше рет қайталанып, орташа мәндер салыстырылды. Бақылауда төменгі бөлікте нитрат деңгейі жоғары болды. Алынған деректер кейінгі зерттеу дизайнын нақтылау үшін пайдаланылды. Бастапқы деректер зерттеу журналында сақталды. Қорытынды жасау кезінде зерттеушілер өлшеу қатесі мен тәжірибе шектеулерін бөлек ескерді.",science,82
45,"Металл қаптамаларының коррозияға төзімділігі бойынша зерттеу жүргізілді. Зерттеуге 40 металл үлгісі нысан немесе қатысушы енгізілді және олар төрт топқа бөлінді. Бақылау кезеңі 14 күн. Негізгі өлшемдердің бірі масса өзгерісі, ал екіншісі беткі зақым деңгейі. Тәжірибеде барлық үлгі бірдей тұзды ерітіндіде сақталды. Нәтижелер бірнеше рет қайталанып, орташа мәндер салыстырылды. Бақылауда бірінші қаптама ең аз масса жоғалуын көрсетті. Алынған деректер кейінгі зерттеу дизайнын нақтылау үшін пайдаланылды. Бастапқы деректер зерттеу журналында сақталды. Қорытынды жасау кезінде зерттеушілер өлшеу қатесі мен тәжірибе шектеулерін бөлек ескерді.",science,80
46,"Ай фазалары кезіндегі аспан жарықтығы бойынша зерттеу жүргізілді. Зерттеуге 24 түнгі өлшеу нысан немесе қатысушы енгізілді және олар төрт ай фазасына бөлінді. Бақылау кезеңі екі ай. Негізгі өлшемдердің бірі аспан жарықтығы, ал екіншісі ауа ылғалдылығы. Тәжірибеде бұлтты түндер талдаудан шығарылды. Нәтижелер бірнеше рет қайталанып, орташа мәндер салыстырылды. Бақылауда жаңа ай кезінде аспан ең қараңғы болды. Алынған деректер кейінгі зерттеу дизайнын нақтылау үшін пайдаланылды. Бастапқы деректер зерттеу журналында сақталды. Қорытынды жасау кезінде зерттеушілер өлшеу қатесі мен тәжірибе шектеулерін бөлек ескерді.",science,79
47,"Маятник ұзындығы мен периоды бойынша зерттеу жүргізілді. Зерттеуге 15 өлшеу сериясы нысан немесе қатысушы енгізілді және олар бес ұзындыққа бөлінді. Бақылау кезеңі бір зертханалық күн. Негізгі өлшемдердің бірі он тербелістің уақыты, ал екіншісі орташа период. Тәжірибеде маятник массасы мен бастапқы бұрыш бірдей болды. Нәтижелер бірнеше рет қайталанып, орташа мәндер салыстырылды. Бақылауда ұзын маятниктің периоды ұзағырақ болды. Алынған деректер кейінгі зерттеу дизайнын нақтылау үшін пайдаланылды. Бастапқы деректер зерттеу журналында сақталды. Қорытынды жасау кезінде зерттеушілер өлшеу қатесі мен тәжірибе шектеулерін бөлек ескерді.",science,80
48,"Температураның ашытқы белсенділігіне әсері бойынша зерттеу жүргізілді. Зерттеуге 16 ерітінді нысан немесе қатысушы енгізілді және олар төрт температура тобына бөлінді. Бақылау кезеңі 40 минут. Негізгі өлшемдердің бірі көмірқышқыл газының көлемі, ал екіншісі реакция жылдамдығы. Тәжірибеде ерітінді құрамы барлық топта бірдей болды. Нәтижелер бірнеше рет қайталанып, орташа мәндер салыстырылды. Бақылауда 30 градус жағдайында газ түзілуі жоғары болды. Алынған деректер кейінгі зерттеу дизайнын нақтылау үшін пайдаланылды. Бастапқы деректер зерттеу журналында сақталды. Қорытынды жасау кезінде зерттеушілер өлшеу қатесі мен тәжірибе шектеулерін бөлек ескерді.",science,80
49,"Қысқа үзілістің зейінге әсері бойынша зерттеу жүргізілді. Зерттеуге 50 студент нысан немесе қатысушы енгізілді және олар екі топқа кездейсоқ бөлінді. Бақылау кезеңі бір сағат. Негізгі өлшемдердің бірі дұрыс жауап саны, ал екіншісі реакция уақыты. Тәжірибеде екі топ бірдей компьютерлік тапсырма орындады. Нәтижелер бірнеше рет қайталанып, орташа мәндер салыстырылды. Бақылауда үзіліс алған топта кейбір көрсеткіш жақсарды. Алынған деректер кейінгі зерттеу дизайнын нақтылау үшін пайдаланылды. Бастапқы деректер зерттеу журналында сақталды. Қорытынды жасау кезінде зерттеушілер өлшеу қатесі мен тәжірибе шектеулерін бөлек ескерді.",science,79
5,Қалалық спорт кешенінде ересектерге арналған жүзу бағдарламасы ұйымдастырылды. Нысанда 10 адамдық топ негізгі орын және 25 метрлік бассейн қосымша қызмет аймағы бар. Қызмет көрсету кестесі: сейсенбі және бейсенбі 19:00. Бір сабақ 60 минутқа созылады. Айлық абонемент сегіз сабақтан тұрады. Қатысушыларға арналған негізгі талап: алғашқы сабаққа дейін медициналық анықтама қажет. Қызмет туралы ақпарат тіркеу немесе ақпарат бөлімінде беріледі. Ай сайын пайдалану көрсеткіштері мен келушілер пікірлері бойынша қысқа есеп жасалады. Қызметтің негізгі көрсеткіштері тоқсан сайын қайта қаралады. Қажет болған жағдайда кесте немесе ұйымдастыру тәртібі келушілердің кері байланысына сәйкес жаңартылады.,general,87
50,"Суару жиілігінің қызанақ өнімділігіне әсері бойынша зерттеу жүргізілді. Зерттеуге 48 өсімдік нысан немесе қатысушы енгізілді және олар үш суару тобына бөлінді. Бақылау кезеңі сегіз апта. Негізгі өлшемдердің бірі жеміс массасы, ал екіншісі өсімдік биіктігі мен гүл саны. Тәжірибеде топырақ пен жарық бірдей болды. Нәтижелер бірнеше рет қайталанып, орташа мәндер салыстырылды. Бақылауда екі күн сайын суарылған топта өнім массасы жоғары болды. Алынған деректер кейінгі зерттеу дизайнын нақтылау үшін пайдаланылды. Бастапқы деректер зерттеу журналында сақталды. Қорытынды жасау кезінде зерттеушілер өлшеу қатесі мен тәжірибе шектеулерін бөлек ескерді.",science,84
51,"Қалалық беткі температура бойынша зерттеу жүргізілді. Зерттеуге 15 спутниктік кескін нысан немесе қатысушы енгізілді және олар үш жер жамылғысы санатына бөлінді. Бақылау кезеңі бес жазғы күн. Негізгі өлшемдердің бірі беткі температура, ал екіншісі өсімдік жамылғысы үлесі. Тәжірибеде бұлтты пиксельдер талдаудан шығарылды. Нәтижелер бірнеше рет қайталанып, орташа мәндер салыстырылды. Бақылауда саябақ маңында температура төмен болды. Алынған деректер кейінгі зерттеу дизайнын нақтылау үшін пайдаланылды. Бастапқы деректер зерттеу журналында сақталды. Қорытынды жасау кезінде зерттеушілер өлшеу қатесі мен тәжірибе шектеулерін бөлек ескерді.",science,78
52,"Ерітінді концентрациясы мен реакция жылдамдығы бойынша зерттеу жүргізілді. Зерттеуге 12 тәжірибе нысан немесе қатысушы енгізілді және олар үш концентрацияға бөлінді. Бақылау кезеңі бір зертханалық күн. Негізгі өлшемдердің бірі түс өзгеруіне дейінгі уақыт, ал екіншісі стандартты ауытқу. Тәжірибеде температура 25 градус деңгейінде сақталды. Нәтижелер бірнеше рет қайталанып, орташа мәндер салыстырылды. Бақылауда жоғары концентрацияда реакция жылдамырақ жүрді. Алынған деректер кейінгі зерттеу дизайнын нақтылау үшін пайдаланылды. Бастапқы деректер зерттеу журналында сақталды. Қорытынды жасау кезінде зерттеушілер өлшеу қатесі мен тәжірибе шектеулерін бөлек ескерді.",science,79
53,"Фондық музыканың реакция уақытына әсері бойынша зерттеу жүргізілді. Зерттеуге 36 қатысушы нысан немесе қатысушы енгізілді және олар екі жағдай бойынша өлшенді. Бақылау кезеңі бір сессия. Негізгі өлшемдердің бірі реакция уақыты, ал екіншісі қате жауап саны. Тәжірибеде жағдайлардың реті кездейсоқ берілді. Нәтижелер бірнеше рет қайталанып, орташа мәндер салыстырылды. Бақылауда өте ерте және кеш жауаптар талдаудан шығарылды. Алынған деректер кейінгі зерттеу дизайнын нақтылау үшін пайдаланылды. Бастапқы деректер зерттеу журналында сақталды. Қорытынды жасау кезінде зерттеушілер өлшеу қатесі мен тәжірибе шектеулерін бөлек ескерді.",science,79
54,"Топырақтың ылғал сақтау қабілеті бойынша зерттеу жүргізілді. Зерттеуге 15 үлгі нысан немесе қатысушы енгізілді және олар үш учаскеге бөлінді. Бақылау кезеңі 24 сағат. Негізгі өлшемдердің бірі қалған ылғал мөлшері, ал екіншісі органикалық зат үлесі. Тәжірибеде әр үлгіге бірдей көлемде су қосылды. Нәтижелер бірнеше рет қайталанып, орташа мәндер салыстырылды. Бақылауда органикалық құрамы жоғары топырақ көбірек ылғал сақтады. Алынған деректер кейінгі зерттеу дизайнын нақтылау үшін пайдаланылды. Бастапқы деректер зерттеу журналында сақталды. Қорытынды жасау кезінде зерттеушілер өлшеу қатесі мен тәжірибе шектеулерін бөлек ескерді.",science,80
55,"Материалдардың шуды әлсіретуі бойынша зерттеу жүргізілді. Зерттеуге 20 өлшеу нысан немесе қатысушы енгізілді және олар төрт материал тобына бөлінді. Бақылау кезеңі бір күн. Негізгі өлшемдердің бірі дыбыс деңгейінің төмендеуі, ал екіншісі қайталама өлшеу вариациясы. Тәжірибеде дыбыс көзі мен микрофон орны өзгермеді. Нәтижелер бірнеше рет қайталанып, орташа мәндер салыстырылды. Бақылауда көбік панелі ең үлкен төмендеуді көрсетті. Алынған деректер кейінгі зерттеу дизайнын нақтылау үшін пайдаланылды. Бастапқы деректер зерттеу журналында сақталды. Қорытынды жасау кезінде зерттеушілер өлшеу қатесі мен тәжірибе шектеулерін бөлек ескерді.",science,79
56,"Тұз концентрациясының тұқым өнуіне әсері бойынша зерттеу жүргізілді. Зерттеуге 100 бидай тұқымы нысан немесе қатысушы енгізілді және олар төрт топқа бөлінді. Бақылау кезеңі жеті күн. Негізгі өлшемдердің бірі өнген тұқым саны, ал екіншісі өсу пайызы. Тәжірибеде жарық пен температура бірдей болды. Нәтижелер бірнеше рет қайталанып, орташа мәндер салыстырылды. Бақылауда тұз көбейген сайын өну пайызы төмендеді. Алынған деректер кейінгі зерттеу дизайнын нақтылау үшін пайдаланылды. Бастапқы деректер зерттеу журналында сақталды. Қорытынды жасау кезінде зерттеушілер өлшеу қатесі мен тәжірибе шектеулерін бөлек ескерді.",science,79
57,"Студенттердің қозғалыс белсенділігі бойынша зерттеу жүргізілді. Зерттеуге 80 студент нысан немесе қатысушы енгізілді және олар тұратын жері бойынша сипатталды. Бақылау кезеңі бір апта. Негізгі өлшемдердің бірі күнделікті қадам саны, ал екіншісі ұйқы ұзақтығы. Тәжірибеде қатысушылар бір типті трекер қолданды. Нәтижелер бірнеше рет қайталанып, орташа мәндер салыстырылды. Бақылауда кампустан тыс тұратындар көбірек қадам жасады. Алынған деректер кейінгі зерттеу дизайнын нақтылау үшін пайдаланылды. Бастапқы деректер зерттеу журналында сақталды. Қорытынды жасау кезінде зерттеушілер өлшеу қатесі мен тәжірибе шектеулерін бөлек ескерді.",science,77
58,"Мәтінді автоматты жіктеу әдістері бойынша зерттеу жүргізілді. Зерттеуге 3000 мәтін нысан немесе қатысушы енгізілді және олар оқыту, валидация және тест бөлігіне бөлінді. Бақылау кезеңі бір эксперимент циклі. Негізгі өлшемдердің бірі accuracy, ал екіншісі macro-F1. Тәжірибеде екі модель бірдей test set арқылы бағаланды. Нәтижелер бірнеше рет қайталанып, орташа мәндер салыстырылды. Бақылауда эмбеддингке негізделген модель macro-F1 бойынша жоғары болды. Алынған деректер кейінгі зерттеу дизайнын нақтылау үшін пайдаланылды. Бастапқы деректер зерттеу журналында сақталды. Қорытынды жасау кезінде зерттеушілер өлшеу қатесі мен тәжірибе шектеулерін бөлек ескерді.",science,81
59,"Беткей бұрышының су ағынына әсері бойынша зерттеу жүргізілді. Зерттеуге 12 тәжірибе нысан немесе қатысушы енгізілді және олар үш бұрышқа бөлінді. Бақылау кезеңі бір зертханалық серия. Негізгі өлшемдердің бірі жиналған су көлемі, ал екіншісі шайылған бөлшек массасы. Тәжірибеде жасанды жаңбыр мөлшері бірдей болды. Нәтижелер бірнеше рет қайталанып, орташа мәндер салыстырылды. Бақылауда бұрыш өскен сайын ағын көлемі артты. Алынған деректер кейінгі зерттеу дизайнын нақтылау үшін пайдаланылды. Бастапқы деректер зерттеу журналында сақталды. Қорытынды жасау кезінде зерттеушілер өлшеу қатесі мен тәжірибе шектеулерін бөлек ескерді.",science,80
6,Орталық алаңда фермерлік жәрмеңке ұйымдастырылды. Нысанда 35 өндіруші негізгі орын және бес негізгі өнім санаты қосымша қызмет аймағы бар. Қызмет көрсету кестесі: жексенбі 08:00–14:00. Банк картасымен төлеуге болады. Ветеринарлық құжаттар тексеріледі. Қатысушыларға арналған негізгі талап: сауда орнында баға ашық көрсетілуі тиіс. Қызмет туралы ақпарат тіркеу немесе ақпарат бөлімінде беріледі. Ай сайын пайдалану көрсеткіштері мен келушілер пікірлері бойынша қысқа есеп жасалады. Қызметтің негізгі көрсеткіштері тоқсан сайын қайта қаралады. Қажет болған жағдайда кесте немесе ұйымдастыру тәртібі келушілердің кері байланысына сәйкес жаңартылады.,general,79
60,"Сақтау температурасының алма сапасына әсері бойынша зерттеу жүргізілді. Зерттеуге 60 алма нысан немесе қатысушы енгізілді және олар үш температура тобына бөлінді. Бақылау кезеңі 21 күн. Негізгі өлшемдердің бірі масса жоғалуы, ал екіншісі қаттылық пен түс. Тәжірибеде бастапқы сорт пен пісу деңгейі бірдей болды. Нәтижелер бірнеше рет қайталанып, орташа мәндер салыстырылды. Бақылауда 4 градус жағдайында қаттылық жақсы сақталды. Алынған деректер кейінгі зерттеу дизайнын нақтылау үшін пайдаланылды. Бастапқы деректер зерттеу журналында сақталды. Қорытынды жасау кезінде зерттеушілер өлшеу қатесі мен тәжірибе шектеулерін бөлек ескерді.",science,81
61,"RFID қойма жүйесі тауар қозғалысын автоматты бақылау үшін енгізілді. Жүйе негізгі дерек ретінде қораптағы RFID белгілері пайдаланады. Деректер әр өту кезінде жаңартылып отырады. Белгіленген жағдай орындалғанда жүйе келу және шығу уақытын дерекқорға жазады. Байланыс немесе қызмет уақытша тоқтаса, деректер жергілікті журналда сақталады. Қолжетімділік қызметкер рөліне қарай беріледі. Пилоттық кезеңде тиімділік есепке алу уақыты мен қате саны арқылы бағаланады. Барлық негізгі әрекеттер журналда сақталады. Жүйенің негізгі күйі басқару панелінде көрсетіледі. Қате немесе күтпеген жағдай анықталса, жауапты маманға автоматты хабарлама жіберіледі.",technology,79
62,"Ақылды жарықтандыру жүйесі энергия тұтынуын азайту үшін енгізілді. Жүйе негізгі дерек ретінде қозғалыс және жарық датчиктері пайдаланады. Деректер әр минут сайын жаңартылып отырады. Белгіленген жағдай орындалғанда жүйе бос аймақта шам жарықтығын төмендетеді. Байланыс немесе қызмет уақытша тоқтаса, авариялық жарық бөлек желіде жұмыс істейді. Басқару панеліне тек техникалық мамандар кіреді. Пилоттық кезеңде тиімділік айлық электр тұтынуы арқылы бағаланады. Барлық негізгі әрекеттер журналда сақталады. Жүйенің негізгі күйі басқару панелінде көрсетіледі. Қате немесе күтпеген жағдай анықталса, жауапты маманға автоматты хабарлама жіберіледі.",technology,78
63,"Қоғамдық көлік мобильді қолданбасы маршрут жоспарлау үшін енгізілді. Жүйе негізгі дерек ретінде GPS және кесте деректері пайдаланады. Деректер нақты уақытта жаңартылып отырады. Белгіленген жағдай орындалғанда жүйе бірнеше маршрут пен келу уақытын көрсетеді. Байланыс немесе қызмет уақытша тоқтаса, интернет әлсіз болса соңғы кесте қолданылады. Сапар тарихын пайдаланушы өшіре алады. Пилоттық кезеңде тиімділік маршрут табу уақыты арқылы бағаланады. Барлық негізгі әрекеттер журналда сақталады. Жүйенің негізгі күйі басқару панелінде көрсетіледі. Қате немесе күтпеген жағдай анықталса, жауапты маманға автоматты хабарлама жіберіледі.",technology,77
64,"Роботқа арналған компьютерлік көру модулі түсті белгілерді тану үшін енгізілді. Жүйе негізгі дерек ретінде камера кескіндері пайдаланады. Деректер әр кадр сайын жаңартылып отырады. Белгіленген жағдай орындалғанда жүйе қызыл, жасыл және көк командаларды анықтайды. Байланыс немесе қызмет уақытша тоқтаса, әлсіз жарықта қауіпсіз баяу режим қосылады. Кескіндер тек зерттеу серверінде сақталады. Пилоттық кезеңде тиімділік тану дәлдігі арқылы бағаланады. Барлық негізгі әрекеттер журналда сақталады. Жүйенің негізгі күйі басқару панелінде көрсетіледі. Қате немесе күтпеген жағдай анықталса, жауапты маманға автоматты хабарлама жіберіледі.",technology,77
65,"Екі факторлы аутентификация есептік жазбаны қорғау үшін енгізілді. Жүйе негізгі дерек ретінде құпиясөз және бір реттік код пайдаланады. Деректер әр кіру кезінде жаңартылып отырады. Белгіленген жағдай орындалғанда жүйе екінші кодты талап етеді. Байланыс немесе қызмет уақытша тоқтаса, қалпына келтіру IT бөлімі арқылы жасалады. Бес қате кодтан кейін есептік жазба 15 минут бұғатталады. Пилоттық кезеңде тиімділік сәтсіз кіру саны арқылы бағаланады. Барлық негізгі әрекеттер журналда сақталады. Жүйенің негізгі күйі басқару панелінде көрсетіледі. Қате немесе күтпеген жағдай анықталса, жауапты маманға автоматты хабарлама жіберіледі.",technology,81
66,"IoT топырақ ылғалы жүйесі ферма жағдайын бақылау үшін енгізілді. Жүйе негізгі дерек ретінде сымсыз ылғал және температура датчиктері пайдаланады. Деректер 15 минут сайын жаңартылып отырады. Белгіленген жағдай орындалғанда жүйе төмен ылғал кезінде ескерту жібереді. Байланыс немесе қызмет уақытша тоқтаса, байланыс үзілсе соңғы уақыт белгіленеді. Оператор ғана суару шешімін қабылдайды. Пилоттық кезеңде тиімділік датчик қолжетімділігі арқылы бағаланады. Барлық негізгі әрекеттер журналда сақталады. Жүйенің негізгі күйі басқару панелінде көрсетіледі. Қате немесе күтпеген жағдай анықталса, жауапты маманға автоматты хабарлама жіберіледі.",technology,77
67,"QR жабдық тіркеу жүйесі мектеп зертханасындағы құрылғыларды есепке алу үшін енгізілді. Жүйе негізгі дерек ретінде құрылғы QR кодтары пайдаланады. Деректер әр сканерлеуде жаңартылып отырады. Белгіленген жағдай орындалғанда жүйе пайдалану басталған уақытты тіркейді. Байланыс немесе қызмет уақытша тоқтаса, планшет офлайн болса жазба кейін синхрондалады. Жеке мекенжай мен телефон сақталмайды. Пилоттық кезеңде тиімділік жабдықты пайдалану жиілігі арқылы бағаланады. Барлық негізгі әрекеттер журналда сақталады. Жүйенің негізгі күйі басқару панелінде көрсетіледі. Қате немесе күтпеген жағдай анықталса, жауапты маманға автоматты хабарлама жіберіледі.",technology,77
68,"Сұранысты болжау моделі тауар сатылымын жоспарлау үшін енгізілді. Жүйе негізгі дерек ретінде екі жылдық апталық сатылым мен баға пайдаланады. Деректер апта сайын жаңартылып отырады. Белгіленген жағдай орындалғанда жүйе 12 апталық болжам ұсынады. Байланыс немесе қызмет уақытша тоқтаса, жаңа тауарлар оператор бағалауына беріледі. Модель автоматты тапсырысты өздігінен жібермейді. Пилоттық кезеңде тиімділік болжам қатесі арқылы бағаланады. Барлық негізгі әрекеттер журналда сақталады. Жүйенің негізгі күйі басқару панелінде көрсетіледі. Қате немесе күтпеген жағдай анықталса, жауапты маманға автоматты хабарлама жіберіледі.",technology,75
69,"Камера мониторинг модулі бейнебақылау ақауын анықтау үшін енгізілді. Жүйе негізгі дерек ретінде камера күйі мен байланыс журналы пайдаланады. Деректер әр бес минут сайын жаңартылып отырады. Белгіленген жағдай орындалғанда жүйе ұзақ ақауда техникке хабарлама жібереді. Байланыс немесе қызмет уақытша тоқтаса, байланыс қалпына келсе оқиға автоматты жабылады. Бет-әлпетті тану функциясы қолданылмайды. Пилоттық кезеңде тиімділік орташа қалпына келтіру уақыты арқылы бағаланады. Барлық негізгі әрекеттер журналда сақталады. Жүйенің негізгі күйі басқару панелінде көрсетіледі. Қате немесе күтпеген жағдай анықталса, жауапты маманға автоматты хабарлама жіберіледі.",technology,79
7,Қаланың солтүстік бөлігінде жаңа автобус бағыты ұйымдастырылды. Нысанда 18 аялдама негізгі орын және 47 минуттық толық жол қосымша қызмет аймағы бар. Қызмет көрсету кестесі: 06:20–22:40. Қарбалас уақытта интервал 10 минут. Үш аялдамада электрондық тақта бар. Қатысушыларға арналған негізгі талап: төлем көлік картасымен немесе банк картасымен жасалады. Қызмет туралы ақпарат тіркеу немесе ақпарат бөлімінде беріледі. Ай сайын пайдалану көрсеткіштері мен келушілер пікірлері бойынша қысқа есеп жасалады. Қызметтің негізгі көрсеткіштері тоқсан сайын қайта қаралады. Қажет болған жағдайда кесте немесе ұйымдастыру тәртібі келушілердің кері байланысына сәйкес жаңартылады.,general,84
70,"Семантикалық іздеу жүйесі ішкі құжаттарды табу үшін енгізілді. Жүйе негізгі дерек ретінде құжат мәтіні мен эмбеддингтер пайдаланады. Деректер әр түн сайын индекс жаңартылады жаңартылып отырады. Белгіленген жағдай орындалғанда жүйе мағыналық ұқсас құжаттарды көрсетеді. Байланыс немесе қызмет уақытша тоқтаса, индекс жаңармаса алдыңғы нұсқа қолданылады. Құпия құжат рұқсатқа қарай көрсетіледі. Пилоттық кезеңде тиімділік іздеу релеванттылығы арқылы бағаланады. Барлық негізгі әрекеттер журналда сақталады. Жүйенің негізгі күйі басқару панелінде көрсетіледі. Қате немесе күтпеген жағдай анықталса, жауапты маманға автоматты хабарлама жіберіледі.",technology,76
71,"Predictive maintenance модулі қозғалтқыш ақауын ерте байқау үшін енгізілді. Жүйе негізгі дерек ретінде діріл және температура датчиктері пайдаланады. Деректер әр минут сайын жаңартылып отырады. Белгіленген жағдай орындалғанда жүйе ауытқу кезінде ескерту береді. Байланыс немесе қызмет уақытша тоқтаса, оператор растағанша машина автоматты тоқтамайды. Барлық ескерту журналға жазылады. Пилоттық кезеңде тиімділік жалған ескерту жиілігі арқылы бағаланады. Барлық негізгі әрекеттер журналда сақталады. Жүйенің негізгі күйі басқару панелінде көрсетіледі. Қате немесе күтпеген жағдай анықталса, жауапты маманға автоматты хабарлама жіберіледі.",technology,75
72,"Семантикалық корпоративтік іздеу қызметкер сұрауына жауапты құжат табу үшін енгізілді. Жүйе негізгі дерек ретінде мәтін мазмұны мен метадеректер пайдаланады. Деректер әр түн сайын жаңартылып отырады. Белгіленген жағдай орындалғанда жүйе атау, үзінді және күнді көрсетеді. Байланыс немесе қызмет уақытша тоқтаса, индекс қолжетімсіз болса кілт сөздік іздеу іске қосылады. Пайдаланушы рұқсаты міндетті түрде тексеріледі. Пилоттық кезеңде тиімділік нәтиже басу жиілігі арқылы бағаланады. Барлық негізгі әрекеттер журналда сақталады. Жүйенің негізгі күйі басқару панелінде көрсетіледі. Қате немесе күтпеген жағдай анықталса, жауапты маманға автоматты хабарлама жіберіледі.",technology,81
73,"Су есептегішті тану прототипі камерадан көрсеткіш оқу үшін енгізілді. Жүйе негізгі дерек ретінде телефон фотосы пайдаланады. Деректер әр сұрауда жаңартылып отырады. Белгіленген жағдай орындалғанда жүйе сандық көрсеткішті OCR арқылы шығарады. Байланыс немесе қызмет уақытша тоқтаса, сенімділік төмен болса қолмен тексеру сұралады. Сурет рұқсатсыз серверге жіберілмейді. Пилоттық кезеңде тиімділік тану дәлдігі арқылы бағаланады. Барлық негізгі әрекеттер журналда сақталады. Жүйенің негізгі күйі басқару панелінде көрсетіледі. Қате немесе күтпеген жағдай анықталса, жауапты маманға автоматты хабарлама жіберіледі.",technology,73
74,"Резервтік көшіру жүйесі сервер деректерін қорғау үшін енгізілді. Жүйе негізгі дерек ретінде файлдық сақтау жүйесі пайдаланады. Деректер күн сайын инкременттік, аптасына толық жаңартылып отырады. Белгіленген жағдай орындалғанда жүйе резервтік көшірме жасайды. Байланыс немесе қызмет уақытша тоқтаса, айына бір рет қалпына келтіру сынағы жүргізіледі. Көшірмеге тек жүйелік әкімші кіреді. Пилоттық кезеңде тиімділік қалпына келтіру табыстылығы арқылы бағаланады. Барлық негізгі әрекеттер журналда сақталады. Жүйенің негізгі күйі басқару панелінде көрсетіледі. Қате немесе күтпеген жағдай анықталса, жауапты маманға автоматты хабарлама жіберіледі.",technology,77
75,"Автономды қойма арбасы тауар тасымалдау үшін енгізілді. Жүйе негізгі дерек ретінде цифрлық карта және ультрадыбыстық датчик пайдаланады. Деректер қозғалыс кезінде үздіксіз жаңартылып отырады. Белгіленген жағдай орындалғанда жүйе кедергі болса балама бағыт есептейді. Байланыс немесе қызмет уақытша тоқтаса, батарея 20 пайыздан төмендесе зарядтауға қайтады. Адамнан кемінде бір метр қашықтық сақтайды. Пилоттық кезеңде тиімділік маршрут аяқтау үлесі арқылы бағаланады. Барлық негізгі әрекеттер журналда сақталады. Жүйенің негізгі күйі басқару панелінде көрсетіледі. Қате немесе күтпеген жағдай анықталса, жауапты маманға автоматты хабарлама жіберіледі.",technology,78
76,"OCR цифрлық мұрағат жүйесі сканерленген құжат мәтінін тану үшін енгізілді. Жүйе негізгі дерек ретінде бет кескіндері пайдаланады. Деректер әр жаңа бетте жаңартылып отырады. Белгіленген жағдай орындалғанда жүйе қазақ және орыс мәтінін таниды. Байланыс немесе қызмет уақытша тоқтаса, сенім төмен сөзді операторға жібереді. Қолжазба автоматты танылмайды. Пилоттық кезеңде тиімділік символдық қате деңгейі арқылы бағаланады. Барлық негізгі әрекеттер журналда сақталады. Жүйенің негізгі күйі басқару панелінде көрсетіледі. Қате немесе күтпеген жағдай анықталса, жауапты маманға автоматты хабарлама жіберіледі.",technology,74
77,"Фишинг симуляциясы қызметкер киберсауатын тексеру үшін енгізілді. Жүйе негізгі дерек ретінде оқу электрондық хаттары пайдаланады. Деректер ай ішінде бірнеше рет жаңартылып отырады. Белгіленген жағдай орындалғанда жүйе күдікті сілтемеге оқу бетін ашады. Байланыс немесе қызмет уақытша тоқтаса, нақты зиянды сайтқа бағыттамайды. Нәтижелер жеке жазалау үшін пайдаланылмайды. Пилоттық кезеңде тиімділік қауіпті сілтемені басу үлесі арқылы бағаланады. Барлық негізгі әрекеттер журналда сақталады. Жүйенің негізгі күйі басқару панелінде көрсетіледі. Қате немесе күтпеген жағдай анықталса, жауапты маманға автоматты хабарлама жіберіледі.",technology,75
78,"Қазақ мәтінін жіктеу API-ы қысқа мәтінді санаттау үшін енгізілді. Жүйе негізгі дерек ретінде UTF-8 мәтін пайдаланады. Деректер әр API сұрауда жаңартылып отырады. Белгіленген жағдай орындалғанда жүйе санат пен сенімділік мәнін қайтарады. Байланыс немесе қызмет уақытша тоқтаса, сенім 0,60-тан төмен болса белгісіз деп белгілейді. Толық мәтін журналда сақталмайды. Пилоттық кезеңде тиімділік macro-F1 және latency арқылы бағаланады. Барлық негізгі әрекеттер журналда сақталады. Жүйенің негізгі күйі басқару панелінде көрсетіледі. Қате немесе күтпеген жағдай анықталса, жауапты маманға автоматты хабарлама жіберіледі.",technology,76
79,"Ақылды жылыжай контроллері температура мен ылғалды басқару үшін енгізілді. Жүйе негізгі дерек ретінде екі типті датчик пайдаланады. Деректер әр бес минут сайын жаңартылып отырады. Белгіленген жағдай орындалғанда жүйе желдеткіш немесе тұмандату жүйесін қосады. Байланыс немесе қызмет уақытша тоқтаса, электр үзілсе параметр жергілікті контроллерде қалады. Оператор автоматты режимді өшіре алады. Пилоттық кезеңде тиімділік температура шегінен шығу саны арқылы бағаланады. Барлық негізгі әрекеттер журналда сақталады. Жүйенің негізгі күйі басқару панелінде көрсетіледі. Қате немесе күтпеген жағдай анықталса, жауапты маманға автоматты хабарлама жіберіледі.",technology,79
8,Аула клубында үстел ойындары кеші ұйымдастырылды. Нысанда 24 қатысушы негізгі орын және төрт ойын санаты қосымша қызмет аймағы бар. Қызмет көрсету кестесі: жұма 17:30. Кеш екі сағатқа созылады. Айына бір рет шағын турнир өтеді. Қатысушыларға арналған негізгі талап: қатысу жасы 12–17 жас. Қызмет туралы ақпарат тіркеу немесе ақпарат бөлімінде беріледі. Ай сайын пайдалану көрсеткіштері мен келушілер пікірлері бойынша қысқа есеп жасалады. Қызметтің негізгі көрсеткіштері тоқсан сайын қайта қаралады. Қажет болған жағдайда кесте немесе ұйымдастыру тәртібі келушілердің кері байланысына сәйкес жаңартылады.,general,80
80,"NLP өтінім санаттау модулі азамат өтінімін тиісті бөлімге бағыттау үшін енгізілді. Жүйе негізгі дерек ретінде қысқа өтінім мәтіні пайдаланады. Деректер әр өтінімде жаңартылып отырады. Белгіленген жағдай орындалғанда жүйе жол, жарық, тазалық, көлік немесе басқа санатты ұсынады. Байланыс немесе қызмет уақытша тоқтаса, сенім төмен болса оператор қолмен тексереді. Модель шешімі азаматқа соңғы жауап болып көрсетілмейді. Пилоттық кезеңде тиімділік macro-F1 арқылы бағаланады. Барлық негізгі әрекеттер журналда сақталады. Жүйенің негізгі күйі басқару панелінде көрсетіледі. Қате немесе күтпеген жағдай анықталса, жауапты маманға автоматты хабарлама жіберіледі.",technology,81
81,"Қалалық әкімдікте екі жаңа автобус бағыты іске қосылатыны туралы хабарланды. Іс-шара немесе жоба жұма күні. әр бағытта 12 автобус болады. Бағдарлама аясында жаңа бағыттар вокзал, солтүстік аудан және университет қалашығын байланыстырады. Ұйымдастырушылар бұл өзгеріс қоғамдық көлік қолжетімділігін жақсартуға бағытталғанын мәлімдеді. Келесі кезеңде алғашқы екі аптада жолаушылар ағыны талданады. Төлем көлік картасы және банк картасымен қабылданады. Қосымша ақпарат ресми ақпарат арнасы арқылы жарияланады. Жоба немесе іс-шара бойынша аралық нәтиже кейінірек жарияланады. Ұйымдастырушылар тұрғындар мен қатысушыларға өзгерістер туралы алдын ала хабарлауды жоспарлап отыр.",news,81
82,"Өңірлік кітапханада жас авторлар кітап фестивалі өтетіні туралы хабарланды. Іс-шара немесе жоба сенбі күні 11:00–18:00. 18 автор және бес баспа қатысады. Бағдарлама аясында авторлармен кездесу, пікірталас және балалар аймағы ұйымдастырылады. Ұйымдастырушылар бұл өзгеріс оқуға қызығушылықты арттыруға бағытталғанын мәлімдеді. Келесі кезеңде келесі айда тағы бір әдеби кездесу жоспарланады. Кіру тегін, кей шеберлік сабағына тіркелу қажет. Қосымша ақпарат ресми ақпарат арнасы арқылы жарияланады. Жоба немесе іс-шара бойынша аралық нәтиже кейінірек жарияланады. Ұйымдастырушылар тұрғындар мен қатысушыларға өзгерістер туралы алдын ала хабарлауды жоспарлап отыр.",news,80
83,"Орталық саябақта саябақты жаңартудың бірінші кезеңі аяқталғаны туралы хабарланды. Іс-шара немесе жоба осы аптада. 2,3 км жол, 86 орындық және үш алаң жаңартылды. Бағдарлама аясында 240 ағаш отырғызылып, жарықтандырудың бір бөлігі ауыстырылды. Ұйымдастырушылар бұл өзгеріс қоғамдық кеңістіктің сапасын жақсартуға бағытталғанын мәлімдеді. Келесі кезеңде спорт алаңы мен шағын сахна жөнделеді. Саябақ толық жабылмайды. Қосымша ақпарат ресми ақпарат арнасы арқылы жарияланады. Жоба немесе іс-шара бойынша аралық нәтиже кейінірек жарияланады. Ұйымдастырушылар тұрғындар мен қатысушыларға өзгерістер туралы алдын ала хабарлауды жоспарлап отыр.",news,78
84,"Өңірлік ауруханада жаңа диагностикалық бөлім ашылғаны туралы хабарланды. Іс-шара немесе жоба осы айда. күніне шамамен 120 пациент қабылдау жоспарланған. Бағдарлама аясында УДЗ, рентген және КТ кабинеттері жұмыс істейді. Ұйымдастырушылар бұл өзгеріс диагностика кезегін азайтуға бағытталғанын мәлімдеді. Келесі кезеңде тағы екі маман даярлау жоспарланған. Бөлім жұмыс күндері 08:00–18:00 ашық. Қосымша ақпарат ресми ақпарат арнасы арқылы жарияланады. Жоба немесе іс-шара бойынша аралық нәтиже кейінірек жарияланады. Ұйымдастырушылар тұрғындар мен қатысушыларға өзгерістер туралы алдын ала хабарлауды жоспарлап отыр.",news,74
85,"Жергілікті университетте бірлескен зертхана құрылатыны туралы хабарланды. Іс-шара немесе жоба келесі семестрден. 12 студент және төрт жас зерттеуші қатысады. Бағдарлама аясында AI, робототехника және деректер талдауы жобалары жүргізіледі. Ұйымдастырушылар бұл өзгеріс ғылыми жобаларды практикамен байланыстыруға бағытталғанын мәлімдеді. Келесі кезеңде студенттер ашық конкурс арқылы қабылданады. Зертханаға университет кеңістік, компания есептеу жабдығын береді. Қосымша ақпарат ресми ақпарат арнасы арқылы жарияланады. Жоба немесе іс-шара бойынша аралық нәтиже кейінірек жарияланады. Ұйымдастырушылар тұрғындар мен қатысушыларға өзгерістер туралы алдын ала хабарлауды жоспарлап отыр.",news,77
86,Қалалық коммуналдық қызметте қысқы маусымға дайындық аяқталғаны туралы хабарланды. Іс-шара немесе жоба қыс басталғанға дейін. 18 мың тонна материал және 210 техника дайын. Бағдарлама аясында негізгі көшелер мен аула жолдары бөлек кестемен тазаланады. Ұйымдастырушылар бұл өзгеріс қар тазалау жылдамдығын арттыруға бағытталғанын мәлімдеді. Келесі кезеңде диспетчерлік орталық тәулік бойы жұмыс істейді. Тұрғындар мобильді қосымша арқылы өтінім бере алады. Қосымша ақпарат ресми ақпарат арнасы арқылы жарияланады. Жоба немесе іс-шара бойынша аралық нәтиже кейінірек жарияланады. Ұйымдастырушылар тұрғындар мен қатысушыларға өзгерістер туралы алдын ала хабарлауды жоспарлап отыр.,news,83
87,"Өңірлік кәсіпкерлік орталығында шағын бизнес гранттары басталғаны туралы хабарланды. Іс-шара немесе жоба төрт апталық қабылдау кезеңінде. бір жобаға 5 миллион теңгеге дейін беріледі. Бағдарлама аясында өндіріс, қызмет және цифрлық өнім жобалары қабылданады. Ұйымдастырушылар бұл өзгеріс жаңа бизнесті қолдауға бағытталғанын мәлімдеді. Келесі кезеңде құжаттан кейін сараптамалық кезең өтеді. Ақпараттық семинар аптасына екі рет өткізіледі. Қосымша ақпарат ресми ақпарат арнасы арқылы жарияланады. Жоба немесе іс-шара бойынша аралық нәтиже кейінірек жарияланады. Ұйымдастырушылар тұрғындар мен қатысушыларға өзгерістер туралы алдын ала хабарлауды жоспарлап отыр.",news,79
88,"Қала орталығында жартылай марафон өтетіні туралы хабарланды. Іс-шара немесе жоба жексенбі күні 08:00-де. 21,1 км, 10 км және 5 км қашықтықтары бар. Бағдарлама аясында 3000-ға жуық қатысушыға су және медициналық пункттер ұйымдастырылады. Ұйымдастырушылар бұл өзгеріс бұқаралық спортты дамытуға бағытталғанын мәлімдеді. Келесі кезеңде бірнеше көше уақытша жабылады. Жарыс нөмірлері сенбі күні беріледі. Қосымша ақпарат ресми ақпарат арнасы арқылы жарияланады. Жоба немесе іс-шара бойынша аралық нәтиже кейінірек жарияланады. Ұйымдастырушылар тұрғындар мен қатысушыларға өзгерістер туралы алдын ала хабарлауды жоспарлап отыр.",news,77
89,Ауылдық ауданда жаңа сумен жабдықтау нысаны іске қосылғаны туралы хабарланды. Іс-шара немесе жоба осы аптада. үш елді мекендегі 4200 тұрғын қамтылады. Бағдарлама аясында 38 км құбыр және екі резервуар пайдалануға берілді. Ұйымдастырушылар бұл өзгеріс тұрақты ауыз су беруге бағытталғанын мәлімдеді. Келесі кезеңде үйлерді қосу кезең-кезеңімен жүргізіледі. Алдымен әлеуметтік нысандар мен көпқабатты үйлер қосылады. Қосымша ақпарат ресми ақпарат арнасы арқылы жарияланады. Жоба немесе іс-шара бойынша аралық нәтиже кейінірек жарияланады. Ұйымдастырушылар тұрғындар мен қатысушыларға өзгерістер туралы алдын ала хабарлауды жоспарлап отыр.,news,79
9,"Қалалық жағалауда жаяу серуен бағыты ұйымдастырылды. Нысанда 4,8 километр маршрут негізгі орын және екі су бұрқағы қосымша қызмет аймағы бар. Қызмет көрсету кестесі: күн сайын. Орындықтар әр 600 метр сайын қойылған. Велосипедшілерге бөлек жолақ бөлінген. Қатысушыларға арналған негізгі талап: сенбі күнгі тазалау акциясына алдын ала тіркелу қажет. Қызмет туралы ақпарат тіркеу немесе ақпарат бөлімінде беріледі. Ай сайын пайдалану көрсеткіштері мен келушілер пікірлері бойынша қысқа есеп жасалады. Қызметтің негізгі көрсеткіштері тоқсан сайын қайта қаралады. Қажет болған жағдайда кесте немесе ұйымдастыру тәртібі келушілердің кері байланысына сәйкес жаңартылады.",general,85
90,"Өңірлік музейде сирек фотосуреттер көрмесі ашылғаны туралы хабарланды. Іс-шара немесе жоба үш айға. 140 фотосурет 1920–1970 жылдарды қамтиды. Бағдарлама аясында қала құрылысы, көлік тарихы және күнделікті өмір көрсетіледі. Ұйымдастырушылар бұл өзгеріс тарихи мұраны танытуға бағытталғанын мәлімдеді. Келесі кезеңде мектеп экскурсиялары аптасына екі рет өтеді. Кей фотосуреттер интерактивті экранда цифрланған түрде көрсетіледі. Қосымша ақпарат ресми ақпарат арнасы арқылы жарияланады. Жоба немесе іс-шара бойынша аралық нәтиже кейінірек жарияланады. Ұйымдастырушылар тұрғындар мен қатысушыларға өзгерістер туралы алдын ала хабарлауды жоспарлап отыр.",news,77
91,Қалалық әуежайда әуежай қызмет аймағы кеңейтілгені туралы хабарланды. Іс-шара немесе жоба осы айда. алты тіркеу орны және төрт киоск ашылды. Бағдарлама аясында екі қосымша қауіпсіздік жолағы мен 120 орындық қосылды. Ұйымдастырушылар бұл өзгеріс қарбалас уақыттағы кезекті азайтуға бағытталғанын мәлімдеді. Келесі кезеңде багаж беру аймағы келесі кезеңде жаңартылады. Рейстер жөндеу кезінде тоқтатылған жоқ. Қосымша ақпарат ресми ақпарат арнасы арқылы жарияланады. Жоба немесе іс-шара бойынша аралық нәтиже кейінірек жарияланады. Ұйымдастырушылар тұрғындар мен қатысушыларға өзгерістер туралы алдын ала хабарлауды жоспарлап отыр.,news,78
92,"Өңірдегі үш мектепте мектептерде күн электр станциялары іске қосылғаны туралы хабарланды. Іс-шара немесе жоба жаңа оқу жылында. әр мектепте 50 кВт панель орнатылды. Бағдарлама аясында энергия мектеп тұтынуына жұмсалып, артығы аккумуляторда сақталады. Ұйымдастырушылар бұл өзгеріс электр шығынын азайтуға бағытталғанын мәлімдеді. Келесі кезеңде бір оқу жылынан кейін жоба бағаланады. Өндіріс көрсеткіші мектеп дәлізіндегі экранда көрінеді. Қосымша ақпарат ресми ақпарат арнасы арқылы жарияланады. Жоба немесе іс-шара бойынша аралық нәтиже кейінірек жарияланады. Ұйымдастырушылар тұрғындар мен қатысушыларға өзгерістер туралы алдын ала хабарлауды жоспарлап отыр.",news,80
93,"Жұмыспен қамту орталығында жастарға арналған кәсіби курстар басталғаны туралы хабарланды. Іс-шара немесе жоба осы айда. оқу 6–12 аптаға созылады. Бағдарлама аясында веб, дизайн, есеп және дәнекерлеу курстары өтеді. Ұйымдастырушылар бұл өзгеріс жастардың еңбек дағдысын арттыруға бағытталғанын мәлімдеді. Келесі кезеңде түлектер серіктес жұмыс берушілерге ұсынылады. 18–29 жас аралығындағы жұмыссыз жастар қатыса алады. Қосымша ақпарат ресми ақпарат арнасы арқылы жарияланады. Жоба немесе іс-шара бойынша аралық нәтиже кейінірек жарияланады. Ұйымдастырушылар тұрғындар мен қатысушыларға өзгерістер туралы алдын ала хабарлауды жоспарлап отыр.",news,77
94,"Өңірлік табиғи паркте жаңа туристік маршрут ашылғаны туралы хабарланды. Іс-шара немесе жоба сәуірден қазанға дейін. маршрут 7,5 км және шамамен үш сағат. Бағдарлама аясында үш бақылау алаңы мен бір өзен өткелі бар. Ұйымдастырушылар бұл өзгеріс қауіпсіз экотуризмді дамытуға бағытталғанын мәлімдеді. Келесі кезеңде қатты жауыннан кейін маршрут уақытша жабылуы мүмкін. Топтар алдын ала гидке тапсырыс бере алады. Қосымша ақпарат ресми ақпарат арнасы арқылы жарияланады. Жоба немесе іс-шара бойынша аралық нәтиже кейінірек жарияланады. Ұйымдастырушылар тұрғындар мен қатысушыларға өзгерістер туралы алдын ала хабарлауды жоспарлап отыр.",news,82
95,"Қаланың шығыс бөлігінде жаңа өрт сөндіру депосы ашылғаны туралы хабарланды. Іс-шара немесе жоба осы аптада. 46 қызметкер және үш негізгі техника кезекшілік етеді. Бағдарлама аясында төрт гараж, диспетчерлік бөлме және жаттығу аймағы жұмыс істейді. Ұйымдастырушылар бұл өзгеріс шақыруға жету уақытын қысқартуға бағытталғанын мәлімдеді. Келесі кезеңде қызметкерлер жаңа жабдықпен оқу-жаттығуды жалғастырады. Диспетчерлік жүйе төтенше жағдайлар орталығымен тікелей байланысқан. Қосымша ақпарат ресми ақпарат арнасы арқылы жарияланады. Жоба немесе іс-шара бойынша аралық нәтиже кейінірек жарияланады. Ұйымдастырушылар тұрғындар мен қатысушыларға өзгерістер туралы алдын ала хабарлауды жоспарлап отыр.",news,83
96,Өңірде көктемгі егіс науқаны басталғаны туралы хабарланды. Іс-шара немесе жоба осы көктемде. 620 мың гектар жер егіледі. Бағдарлама аясында дәнді және майлы дақылдар бойынша тұқым мен жанармай кестесі жасалды. Ұйымдастырушылар бұл өзгеріс егіс жұмыстарын үйлестіруге бағытталғанын мәлімдеді. Келесі кезеңде апталық егіс есебі жарияланады. Агрономдардың мобильді топтары кеңес береді. Қосымша ақпарат ресми ақпарат арнасы арқылы жарияланады. Жоба немесе іс-шара бойынша аралық нәтиже кейінірек жарияланады. Ұйымдастырушылар тұрғындар мен қатысушыларға өзгерістер туралы алдын ала хабарлауды жоспарлап отыр.,news,74
97,"Қала орталығында жаңа шығармашылық хаб ашылғаны туралы хабарланды. Іс-шара немесе жоба осы айда. төрт негізгі кеңістік бар. Бағдарлама аясында дыбыс студиясы, фото аймақ, сахна және коворкинг жұмыс істейді. Ұйымдастырушылар бұл өзгеріс жас шығармашылық жобаларды қолдауға бағытталғанын мәлімдеді. Келесі кезеңде апталық шеберлік сабақтары өткізіледі. Алғашқы айда кіру және кеңес алу тегін. Қосымша ақпарат ресми ақпарат арнасы арқылы жарияланады. Жоба немесе іс-шара бойынша аралық нәтиже кейінірек жарияланады. Ұйымдастырушылар тұрғындар мен қатысушыларға өзгерістер туралы алдын ала хабарлауды жоспарлап отыр.",news,76
98,Қалалық емханаларда маусымдық вакцинация басталғаны туралы хабарланды. Іс-шара немесе жоба осы аптадан. бірнеше басым топқа бірінші кезекте ұсынылады. Бағдарлама аясында емханалар мен мобильді бригадалар вакцина жүргізеді. Ұйымдастырушылар бұл өзгеріс маусымдық инфекциядан қорғауға бағытталғанын мәлімдеді. Келесі кезеңде вакцина қоры апта сайын толықтырылады. Нақты уақытты тұрғын өз емханасынан біле алады. Қосымша ақпарат ресми ақпарат арнасы арқылы жарияланады. Жоба немесе іс-шара бойынша аралық нәтиже кейінірек жарияланады. Ұйымдастырушылар тұрғындар мен қатысушыларға өзгерістер туралы алдын ала хабарлауды жоспарлап отыр.,news,74
99,"Өңірдегі өзен бойында өзен жағалауын бекіту жұмыстары басталғаны туралы хабарланды. Іс-шара немесе жоба төрт айға. бірінші кезеңде 1,8 км жағалау қамтылады. Бағдарлама аясында тас қоршау, су ағызу арналары және жаяу жол жаңартылады. Ұйымдастырушылар бұл өзгеріс су тасқыны қаупін азайтуға бағытталғанын мәлімдеді. Келесі кезеңде бір жаяу өткел уақытша жабылады. Экологиялық топ су лайлылығы мен өсімдік жағдайын бақылайды. Қосымша ақпарат ресми ақпарат арнасы арқылы жарияланады. Жоба немесе іс-шара бойынша аралық нәтиже кейінірек жарияланады. Ұйымдастырушылар тұрғындар мен қатысушыларға өзгерістер туралы алдын ала хабарлауды жоспарлап отыр.",news,82
