provider,model_id,contrast,condition_a,condition_b,metric,metric_direction,n_pairs,condition_a_mean,condition_b_mean,mean_difference_b_minus_a,bootstrap_95_ci_low,bootstrap_95_ci_high,permutation_p,holm_adjusted_p
kazllm,issai/LLama-3.1-KazLLM-1.0-8B,B1_minus_B0,B0_baseline,B1_multi_candidate_random,unique_rate,higher_better,97,0.845360824742268,0.9484536082474226,0.10309278350515463,0.06391752577319587,0.1422680412371134,4.999750012499375e-05,0.0010499475026248687
kazllm,issai/LLama-3.1-KazLLM-1.0-8B,B1_minus_B0,B0_baseline,B1_multi_candidate_random,distinct_1,higher_better,97,0.35803077919817017,0.3871030119722229,0.029072232774052728,0.010836678054688671,0.047099171592010027,0.0020998950052497373,0.029398530073496323
kazllm,issai/LLama-3.1-KazLLM-1.0-8B,B1_minus_B0,B0_baseline,B1_multi_candidate_random,distinct_2,higher_better,97,0.47435906813278184,0.5363994453303405,0.06204037719755846,0.03467780165872956,0.08884293194755553,9.99950002499875e-05,0.0016999150042497873
kazllm,issai/LLama-3.1-KazLLM-1.0-8B,B1_minus_B0,B0_baseline,B1_multi_candidate_random,semantic_diversity,higher_better,97,0.06942674721088309,0.09474383316665273,0.02531708595576965,0.015401759460873268,0.034972799243833015,9.99950002499875e-05,0.0016999150042497873
kazllm,issai/LLama-3.1-KazLLM-1.0-8B,B1_minus_B0,B0_baseline,B1_multi_candidate_random,self_bleu,lower_better,97,0.787226915814778,0.7369862609819391,-0.05024065483283888,-0.07600319432160055,-0.023346024555361042,0.00039998000099995,0.00599970001499925
kazllm,issai/LLama-3.1-KazLLM-1.0-8B,B1_minus_B0,B0_baseline,B1_multi_candidate_random,mean_fidelity,higher_better,97,0.9550953321850176,0.9313951802007931,-0.02370015198422461,-0.03101473619028465,-0.016377157504411082,4.999750012499375e-05,0.0010499475026248687
kazllm,issai/LLama-3.1-KazLLM-1.0-8B,B1_minus_B0,B0_baseline,B1_multi_candidate_random,quality_pass_rate,higher_better,97,0.7278350515463917,0.931958762886598,0.20412371134020618,0.15257731958762885,0.25773195876288657,4.999750012499375e-05,0.0010499475026248687
kazllm,issai/LLama-3.1-KazLLM-1.0-8B,B2_minus_B1,B1_multi_candidate_random,B2_quality_filtered_random,unique_rate,higher_better,97,0.9484536082474226,0.954639175257732,0.006185567010309272,-0.01443298969072165,0.02474226804123711,0.6816659167041648,1.0
kazllm,issai/LLama-3.1-KazLLM-1.0-8B,B2_minus_B1,B1_multi_candidate_random,B2_quality_filtered_random,distinct_1,higher_better,97,0.3871030119722229,0.3882567430212463,0.001153731049023434,-0.010279618535176328,0.01317179857140121,0.8518574071296435,1.0
kazllm,issai/LLama-3.1-KazLLM-1.0-8B,B2_minus_B1,B1_multi_candidate_random,B2_quality_filtered_random,distinct_2,higher_better,97,0.5363994453303405,0.5456891499697464,0.00928970463940601,-0.007331908435904643,0.025976090554654625,0.27728613569321536,1.0
kazllm,issai/LLama-3.1-KazLLM-1.0-8B,B2_minus_B1,B1_multi_candidate_random,B2_quality_filtered_random,semantic_diversity,higher_better,97,0.09474383316665273,0.09403759473454706,-0.000706238432105669,-0.00575576579227045,0.004355711950776501,0.7911604419779011,1.0
kazllm,issai/LLama-3.1-KazLLM-1.0-8B,B2_minus_B1,B1_multi_candidate_random,B2_quality_filtered_random,self_bleu,lower_better,97,0.7369862609819391,0.7279112961671041,-0.009074964814835072,-0.02773750006292233,0.008521716181090577,0.34528273586320685,1.0
kazllm,issai/LLama-3.1-KazLLM-1.0-8B,B2_minus_B1,B1_multi_candidate_random,B2_quality_filtered_random,mean_fidelity,higher_better,97,0.9313951802007931,0.9298834929761198,-0.0015116872246732438,-0.005390665429769106,0.002303551072926857,0.4459777011149443,1.0
kazllm,issai/LLama-3.1-KazLLM-1.0-8B,B2_minus_B1,B1_multi_candidate_random,B2_quality_filtered_random,quality_pass_rate,higher_better,97,0.931958762886598,1.0,0.06804123711340206,0.04536082474226803,0.09278350515463918,4.999750012499375e-05,0.0010499475026248687
kazllm,issai/LLama-3.1-KazLLM-1.0-8B,B3_minus_B2,B2_quality_filtered_random,B3_full_kazdiv,unique_rate,higher_better,97,0.954639175257732,0.931958762886598,-0.022680412371134016,-0.049484536082474224,0.002061855670103098,0.12139393030348483,1.0
kazllm,issai/LLama-3.1-KazLLM-1.0-8B,B3_minus_B2,B2_quality_filtered_random,B3_full_kazdiv,distinct_1,higher_better,97,0.3882567430212463,0.3767034264301248,-0.011553316591121568,-0.023638571116883056,0.0003642524877252711,0.06599670016499175,0.68031598420079
kazllm,issai/LLama-3.1-KazLLM-1.0-8B,B3_minus_B2,B2_quality_filtered_random,B3_full_kazdiv,distinct_2,higher_better,97,0.5456891499697464,0.5234274230985019,-0.022261726871244537,-0.04171565174800551,-0.003447892199303243,0.027498625068746563,0.3334333283335833
kazllm,issai/LLama-3.1-KazLLM-1.0-8B,B3_minus_B2,B2_quality_filtered_random,B3_full_kazdiv,semantic_diversity,higher_better,97,0.09403759473454706,0.09399072689570717,-4.686783883989472e-05,-0.005765704143811594,0.005441267127363184,0.9875506224688766,1.0
kazllm,issai/LLama-3.1-KazLLM-1.0-8B,B3_minus_B2,B2_quality_filtered_random,B3_full_kazdiv,self_bleu,lower_better,97,0.7279112961671041,0.7473261362664123,0.01941484009930823,-0.0005730992928782134,0.039599354976104444,0.06184690765461727,0.68031598420079
kazllm,issai/LLama-3.1-KazLLM-1.0-8B,B3_minus_B2,B2_quality_filtered_random,B3_full_kazdiv,mean_fidelity,higher_better,97,0.9298834929761198,0.9341876308942578,0.00430413791813802,0.0005499888326704005,0.007992992060086168,0.025648717564121792,0.3334333283335833
kazllm,issai/LLama-3.1-KazLLM-1.0-8B,B3_minus_B2,B2_quality_filtered_random,B3_full_kazdiv,quality_pass_rate,higher_better,97,1.0,1.0,0.0,0.0,0.0,1.0,1.0
llama,NousResearch/Meta-Llama-3.1-8B-Instruct,B1_minus_B0,B0_baseline,B1_multi_candidate_random,unique_rate,higher_better,98,0.9775510204081633,1.0,0.022448979591836726,0.008163265306122448,0.040816326530612235,0.0031498425078746064,0.04409779511024449
llama,NousResearch/Meta-Llama-3.1-8B-Instruct,B1_minus_B0,B0_baseline,B1_multi_candidate_random,distinct_1,higher_better,98,0.4192136445241099,0.5530154982555635,0.1338018537314535,0.10605519397281178,0.16078096799836297,4.999750012499375e-05,0.0010499475026248687
llama,NousResearch/Meta-Llama-3.1-8B-Instruct,B1_minus_B0,B0_baseline,B1_multi_candidate_random,distinct_2,higher_better,98,0.5718635495653384,0.746051177966021,0.17418762840068266,0.13992870965130252,0.207341724114481,4.999750012499375e-05,0.0010499475026248687
llama,NousResearch/Meta-Llama-3.1-8B-Instruct,B1_minus_B0,B0_baseline,B1_multi_candidate_random,semantic_diversity,higher_better,98,0.17887245339094376,0.18573701180213567,0.0068645584111919206,-0.00824648576161387,0.02170506638892907,0.3661816909154542,1.0
llama,NousResearch/Meta-Llama-3.1-8B-Instruct,B1_minus_B0,B0_baseline,B1_multi_candidate_random,self_bleu,lower_better,98,0.6137689557010284,0.4756447493912143,-0.13812420630981412,-0.17232432800179726,-0.10428867501892694,4.999750012499375e-05,0.0010499475026248687
llama,NousResearch/Meta-Llama-3.1-8B-Instruct,B1_minus_B0,B0_baseline,B1_multi_candidate_random,mean_fidelity,higher_better,98,0.8722799287766828,0.8674115958262463,-0.004868332950436342,-0.01684229413769683,0.007263983074499627,0.4280285985700715,1.0
llama,NousResearch/Meta-Llama-3.1-8B-Instruct,B1_minus_B0,B0_baseline,B1_multi_candidate_random,quality_pass_rate,higher_better,98,0.7653061224489796,0.8979591836734694,0.1326530612244898,0.08979591836734693,0.17551020408163268,4.999750012499375e-05,0.0010499475026248687
llama,NousResearch/Meta-Llama-3.1-8B-Instruct,B2_minus_B1,B1_multi_candidate_random,B2_quality_filtered_random,unique_rate,higher_better,98,1.0,1.0,0.0,0.0,0.0,1.0,1.0
llama,NousResearch/Meta-Llama-3.1-8B-Instruct,B2_minus_B1,B1_multi_candidate_random,B2_quality_filtered_random,distinct_1,higher_better,98,0.5530154982555635,0.539857094044535,-0.013158404211028487,-0.0269572606051555,0.0006856984254844318,0.06264686765661717,0.8144092795360233
llama,NousResearch/Meta-Llama-3.1-8B-Instruct,B2_minus_B1,B1_multi_candidate_random,B2_quality_filtered_random,distinct_2,higher_better,98,0.746051177966021,0.7394468183077714,-0.006604359658249463,-0.020618563819703527,0.0074528019817199165,0.3551322433878306,1.0
llama,NousResearch/Meta-Llama-3.1-8B-Instruct,B2_minus_B1,B1_multi_candidate_random,B2_quality_filtered_random,semantic_diversity,higher_better,98,0.18573701180213567,0.17154951709113558,-0.014187494711000092,-0.022389130033932777,-0.005799345311005506,0.0014499275036248187,0.02174891255437228
llama,NousResearch/Meta-Llama-3.1-8B-Instruct,B2_minus_B1,B1_multi_candidate_random,B2_quality_filtered_random,self_bleu,lower_better,98,0.4756447493912143,0.4806260071248363,0.004981257733621909,-0.013885475874440273,0.024157466365979655,0.6066196690165492,1.0
llama,NousResearch/Meta-Llama-3.1-8B-Instruct,B2_minus_B1,B1_multi_candidate_random,B2_quality_filtered_random,mean_fidelity,higher_better,98,0.8674115958262463,0.8793796322783646,0.01196803645211823,0.005850249738717557,0.01797811360687625,0.000199990000499975,0.0031998400079996
llama,NousResearch/Meta-Llama-3.1-8B-Instruct,B2_minus_B1,B1_multi_candidate_random,B2_quality_filtered_random,quality_pass_rate,higher_better,98,0.8979591836734694,1.0,0.1020408163265306,0.07346938775510203,0.13265306122448978,4.999750012499375e-05,0.0010499475026248687
llama,NousResearch/Meta-Llama-3.1-8B-Instruct,B3_minus_B2,B2_quality_filtered_random,B3_full_kazdiv,unique_rate,higher_better,98,1.0,1.0,0.0,0.0,0.0,1.0,1.0
llama,NousResearch/Meta-Llama-3.1-8B-Instruct,B3_minus_B2,B2_quality_filtered_random,B3_full_kazdiv,distinct_1,higher_better,98,0.539857094044535,0.5389291597313409,-0.0009279343131939978,-0.013516379611469327,0.012022315338838484,0.8872056397180141,1.0
llama,NousResearch/Meta-Llama-3.1-8B-Instruct,B3_minus_B2,B2_quality_filtered_random,B3_full_kazdiv,distinct_2,higher_better,98,0.7394468183077714,0.7314449846349865,-0.00800183367278494,-0.02216259974181719,0.00654950262860735,0.28368581570921453,1.0
llama,NousResearch/Meta-Llama-3.1-8B-Instruct,B3_minus_B2,B2_quality_filtered_random,B3_full_kazdiv,semantic_diversity,higher_better,98,0.17154951709113558,0.17221265848802061,0.0006631413968850155,-0.006881452213060491,0.008228704594645872,0.8673066346682666,1.0
llama,NousResearch/Meta-Llama-3.1-8B-Instruct,B3_minus_B2,B2_quality_filtered_random,B3_full_kazdiv,self_bleu,lower_better,98,0.4806260071248363,0.4922970670920297,0.011671059967193309,-0.008071868698402368,0.030865639683673625,0.24898755062246888,1.0
llama,NousResearch/Meta-Llama-3.1-8B-Instruct,B3_minus_B2,B2_quality_filtered_random,B3_full_kazdiv,mean_fidelity,higher_better,98,0.8793796322783646,0.88129500576428,0.0019153734859155213,-0.0034317342754529357,0.007025844558161133,0.47722613869306535,1.0
llama,NousResearch/Meta-Llama-3.1-8B-Instruct,B3_minus_B2,B2_quality_filtered_random,B3_full_kazdiv,quality_pass_rate,higher_better,98,1.0,1.0,0.0,0.0,0.0,1.0,1.0
